,name,url
0,왼손잡이 아내,https://ko.wikipedia.org/wiki/%EC%99%BC%EC%86%90%EC%9E%A1%EC%9D%B4_%EC%95%84%EB%82%B4
1,최고의 치킨,https://ko.wikipedia.org/wiki/%EC%B5%9C%EA%B3%A0%EC%9D%98_%EC%B9%98%ED%82%A8
2,개같다 거지같다 아름답다,https://ko.wikipedia.org/w/index.php?title=%EA%B0%9C%EA%B0%99%EB%8B%A4_%EA%B1%B0%EC%A7%80%EA%B0%99%EB%8B%A4_%EC%95%84%EB%A6%84%EB%8B%B5%EB%8B%A4&action=edit&redlink=1
3,동네변호사 조들호 2: 죄와 벌,https://ko.wikipedia.org/wiki/%EB%8F%99%EB%84%A4%EB%B3%80%ED%98%B8%EC%82%AC_%EC%A1%B0%EB%93%A4%ED%98%B8_2:_%EC%A3%84%EC%99%80_%EB%B2%8C
4,왕이 된 남자,https://ko.wikipedia.org/wiki/%EC%99%95%EC%9D%B4_%EB%90%9C_%EB%82%A8%EC%9E%90
5,왜그래 풍상씨,https://ko.wikipedia.org/wiki/%EC%99%9C%EA%B7%B8%EB%9E%98_%ED%92%8D%EC%83%81%EC%94%A8
6,각색은 이미 시작됐다,https://ko.wikipedia.org/w/index.php?title=%EA%B0%81%EC%83%89%EC%9D%80_%EC%9D%B4%EB%AF%B8_%EC%8B%9C%EC%9E%91%EB%90%90%EB%8B%A4&action=edit&redlink=1
7,용왕님 보우하사,https://ko.wikipedia.org/wiki/%EC%9A%A9%EC%99%95%EB%8B%98_%EB%B3%B4%EC%9A%B0%ED%95%98%EC%82%AC
8,봄이 오나 봄,https://ko.wikipedia.org/wiki/%EB%B4%84%EC%9D%B4_%EC%98%A4%EB%82%98_%EB%B4%84
9,로맨스는 별책부록,https://ko.wikipedia.org/wiki/%EB%A1%9C%EB%A7%A8%EC%8A%A4%EB%8A%94_%EB%B3%84%EC%B1%85%EB%B6%80%EB%A1%9D
10,반야,https://ko.wikipedia.org/wiki/%EB%B0%98%EC%95%BC
11,바벨,https://ko.wikipedia.org/wiki/%EB%B0%94%EB%B2%A8_(%EB%93%9C%EB%9D%BC%EB%A7%88)
12,파고,https://ko.wikipedia.org/wiki/%ED%8C%8C%EA%B3%A0_(%EB%93%9C%EB%9D%BC%EB%A7%88)
13,진심이 닿다,https://ko.wikipedia.org/wiki/%EC%A7%84%EC%8B%AC%EC%9D%B4_%EB%8B%BF%EB%8B%A4
14,리갈 하이,https://ko.wikipedia.org/wiki/%EB%A6%AC%EA%B0%88_%ED%95%98%EC%9D%B4_(2019%EB%85%84_%EB%93%9C%EB%9D%BC%EB%A7%88)
15,막돼먹은 영애씨 17,https://ko.wikipedia.org/wiki/%EB%A7%89%EB%8F%BC%EB%A8%B9%EC%9D%80_%EC%98%81%EC%95%A0%EC%94%A8_17
16,트랩,https://ko.wikipedia.org/wiki/%ED%8A%B8%EB%9E%A9_(%EB%93%9C%EB%9D%BC%EB%A7%88)
17,눈이 부시게,https://ko.wikipedia.org/wiki/%EB%88%88%EC%9D%B4_%EB%B6%80%EC%8B%9C%EA%B2%8C
18,아이템,https://ko.wikipedia.org/wiki/%EC%95%84%EC%9D%B4%ED%85%9C_(%EB%93%9C%EB%9D%BC%EB%A7%88)
19,해치,https://ko.wikipedia.org/wiki/%ED%95%B4%EC%B9%98_(%EB%93%9C%EB%9D%BC%EB%A7%88)
20,로스:타임:라이프 - 더 라스트 찬스,https://ko.wikipedia.org/w/index.php?title=%EB%A1%9C%EC%8A%A4:%ED%83%80%EC%9E%84:%EB%9D%BC%EC%9D%B4%ED%94%84_-_%EB%8D%94_%EB%9D%BC%EC%8A%A4%ED%8A%B8_%EC%B0%AC%EC%8A%A4&action=edit&redlink=1
21,"신비아파트 외전: 기억, 하리 2","https://ko.wikipedia.org/wiki/%EC%8B%A0%EB%B9%84%EC%95%84%ED%8C%8C%ED%8A%B8_%EC%99%B8%EC%A0%84:_%EA%B8%B0%EC%96%B5,_%ED%95%98%EB%A6%AC_2"
22,열혈사제,https://ko.wikipedia.org/wiki/%EC%97%B4%ED%98%88%EC%82%AC%EC%A0%9C
23,슬플 때 사랑한다,https://ko.wikipedia.org/wiki/%EC%8A%AC%ED%94%8C_%EB%95%8C_%EC%82%AC%EB%9E%91%ED%95%9C%EB%8B%A4
24,빅이슈,https://ko.wikipedia.org/wiki/%EB%B9%85%EC%9D%B4%EC%8A%88_(2019%EB%85%84_%EB%93%9C%EB%9D%BC%EB%A7%88)
25,빙의,https://ko.wikipedia.org/wiki/%EB%B9%99%EC%9D%98_(%EB%93%9C%EB%9D%BC%EB%A7%88)
26,사이코메트리 그녀석,https://ko.wikipedia.org/wiki/%EC%82%AC%EC%9D%B4%EC%BD%94%EB%A9%94%ED%8A%B8%EB%A6%AC_%EA%B7%B8%EB%85%80%EC%84%9D
27,닥터 프리즈너,https://ko.wikipedia.org/wiki/%EB%8B%A5%ED%84%B0_%ED%94%84%EB%A6%AC%EC%A6%88%EB%84%88
28,세상에서 제일 예쁜 내 딸,https://ko.wikipedia.org/wiki/%EC%84%B8%EC%83%81%EC%97%90%EC%84%9C_%EC%A0%9C%EC%9D%BC_%EC%98%88%EC%81%9C_%EB%82%B4_%EB%94%B8
29,자백,https://ko.wikipedia.org/wiki/%EC%9E%90%EB%B0%B1_(%EB%93%9C%EB%9D%BC%EB%A7%88)
30,킬잇,https://ko.wikipedia.org/wiki/%ED%82%AC%EC%9E%87
31,으라차차 와이키키 2,https://ko.wikipedia.org/wiki/%EC%9C%BC%EB%9D%BC%EC%B0%A8%EC%B0%A8_%EC%99%80%EC%9D%B4%ED%82%A4%ED%82%A4_2
32,더 뱅커,https://ko.wikipedia.org/wiki/%EB%8D%94_%EB%B1%85%EC%BB%A4
33,국민 여러분!,https://ko.wikipedia.org/wiki/%EA%B5%AD%EB%AF%BC_%EC%97%AC%EB%9F%AC%EB%B6%84!
34,너를 싫어하는 방법,https://ko.wikipedia.org
35,아름다운 세상,https://ko.wikipedia.org/wiki/%EC%95%84%EB%A6%84%EB%8B%A4%EC%9A%B4_%EC%84%B8%EC%83%81_(%EB%93%9C%EB%9D%BC%EB%A7%88)
36,특별근로감독관 조장풍,https://ko.wikipedia.org/wiki/%ED%8A%B9%EB%B3%84%EA%B7%BC%EB%A1%9C%EA%B0%90%EB%8F%85%EA%B4%80_%EC%A1%B0%EC%9E%A5%ED%92%8D
37,회사 가기 싫어,https://ko.wikipedia.org/wiki/%ED%9A%8C%EC%82%AC_%EA%B0%80%EA%B8%B0_%EC%8B%AB%EC%96%B4
38,그녀의 사생활,https://ko.wikipedia.org/wiki/%EA%B7%B8%EB%85%80%EC%9D%98_%EC%82%AC%EC%83%9D%ED%99%9C
39,녹두꽃,https://ko.wikipedia.org/wiki/%EB%85%B9%EB%91%90%EA%BD%83_(%EB%93%9C%EB%9D%BC%EB%A7%88)
40,여름아 부탁해,https://ko.wikipedia.org/wiki/%EC%97%AC%EB%A6%84%EC%95%84_%EB%B6%80%ED%83%81%ED%95%B4
41,이몽,https://ko.wikipedia.org/wiki/%EC%9D%B4%EB%AA%BD_(%EB%93%9C%EB%9D%BC%EB%A7%88)
42,초면에 사랑합니다,https://ko.wikipedia.org/wiki/%EC%B4%88%EB%A9%B4%EC%97%90_%EC%82%AC%EB%9E%91%ED%95%A9%EB%8B%88%EB%8B%A4
43,어비스,https://ko.wikipedia.org/wiki/%EC%96%B4%EB%B9%84%EC%8A%A4_(%EB%93%9C%EB%9D%BC%EB%A7%88)
44,구해줘 2,https://ko.wikipedia.org/wiki/%EA%B5%AC%ED%95%B4%EC%A4%98_2
45,보이스 3 - 공범들의 도시,https://ko.wikipedia.org/wiki/%EB%B3%B4%EC%9D%B4%EC%8A%A4_3
46,절대 그이,https://ko.wikipedia.org/wiki/%EC%A0%88%EB%8C%80_%EA%B7%B8%EC%9D%B4_(%EB%93%9C%EB%9D%BC%EB%A7%88)
47,수상한 장모,https://ko.wikipedia.org/wiki/%EC%88%98%EC%83%81%ED%95%9C_%EC%9E%A5%EB%AA%A8
48,"단, 하나의 사랑","https://ko.wikipedia.org/wiki/%EB%8B%A8,_%ED%95%98%EB%82%98%EC%9D%98_%EC%82%AC%EB%9E%91"
49,봄밤,https://ko.wikipedia.org/wiki/%EB%B4%84%EB%B0%A4
50,바람이 분다,https://ko.wikipedia.org/wiki/%EB%B0%94%EB%9E%8C%EC%9D%B4_%EB%B6%84%EB%8B%A4_(2019%EB%85%84_%EB%93%9C%EB%9D%BC%EB%A7%88)
51,아스달 연대기,https://ko.wikipedia.org/wiki/%EC%95%84%EC%8A%A4%EB%8B%AC_%EC%97%B0%EB%8C%80%EA%B8%B0
52,퍼퓸,https://ko.wikipedia.org/wiki/%ED%8D%BC%ED%93%B8_(%EB%93%9C%EB%9D%BC%EB%A7%88)
53,태양의 계절,https://ko.wikipedia.org/wiki/%ED%83%9C%EC%96%91%EC%9D%98_%EA%B3%84%EC%A0%88_(%EB%93%9C%EB%9D%BC%EB%A7%88)
54,검법남녀 2,https://ko.wikipedia.org/wiki/%EA%B2%80%EB%B2%95%EB%82%A8%EB%85%80_2
55,검색어를 입력하세요 WWW,https://ko.wikipedia.org/wiki/%EA%B2%80%EC%83%89%EC%96%B4%EB%A5%BC_%EC%9E%85%EB%A0%A5%ED%95%98%EC%84%B8%EC%9A%94_WWW
56,조선생존기,https://ko.wikipedia.org/wiki/%EC%A1%B0%EC%84%A0%EC%83%9D%EC%A1%B4%EA%B8%B0
57,보좌관,https://ko.wikipedia.org/wiki/%EB%B3%B4%EC%A2%8C%EA%B4%80
58,"60일, 지정생존자","https://ko.wikipedia.org/wiki/60%EC%9D%BC,_%EC%A7%80%EC%A0%95%EC%83%9D%EC%A1%B4%EC%9E%90"
59,평일 오후 세시의 연인,https://ko.wikipedia.org/wiki/%ED%8F%89%EC%9D%BC_%EC%98%A4%ED%9B%84_%EC%84%B8%EC%8B%9C%EC%9D%98_%EC%97%B0%EC%9D%B8
60,왓쳐,https://ko.wikipedia.org/wiki/%EC%99%93%EC%B3%90_(%EB%93%9C%EB%9D%BC%EB%A7%88)
61,레벨업,https://ko.wikipedia.org/wiki/%EB%A0%88%EB%B2%A8%EC%97%85_(%EB%93%9C%EB%9D%BC%EB%A7%88)
62,호텔 델루나,https://ko.wikipedia.org/wiki/%ED%98%B8%ED%85%94_%EB%8D%B8%EB%A3%A8%EB%82%98
63,모두 다 쿵따리,https://ko.wikipedia.org/wiki/%EB%AA%A8%EB%91%90_%EB%8B%A4_%EC%BF%B5%EB%94%B0%EB%A6%AC
64,신입사관 구해령,https://ko.wikipedia.org/wiki/%EC%8B%A0%EC%9E%85%EC%82%AC%EA%B4%80_%EA%B5%AC%ED%95%B4%EB%A0%B9
65,저스티스,https://ko.wikipedia.org/wiki/%EC%A0%80%EC%8A%A4%ED%8B%B0%EC%8A%A4_(%EB%93%9C%EB%9D%BC%EB%A7%88)
66,닥터 탐정,https://ko.wikipedia.org/wiki/%EB%8B%A5%ED%84%B0_%ED%83%90%EC%A0%95
67,미스터 기간제,https://ko.wikipedia.org/wiki/%EB%AF%B8%EC%8A%A4%ED%84%B0_%EA%B8%B0%EA%B0%84%EC%A0%9C
68,의사요한,https://ko.wikipedia.org/wiki/%EC%9D%98%EC%82%AC%EC%9A%94%ED%95%9C
69,황금정원,https://ko.wikipedia.org/wiki/%ED%99%A9%EA%B8%88%EC%A0%95%EC%9B%90
70,열여덟의 순간,https://ko.wikipedia.org/wiki/%EC%97%B4%EC%97%AC%EB%8D%9F%EC%9D%98_%EC%88%9C%EA%B0%84
71,에이틴 / 에이틴 시즌 2,https://ko.wikipedia.org/wiki/%EC%97%90%EC%9D%B4%ED%8B%B4_(%EB%93%9C%EB%9D%BC%EB%A7%88)
72,악마가 너의 이름을 부를 때,https://ko.wikipedia.org/wiki/%EC%95%85%EB%A7%88%EA%B0%80_%EB%84%88%EC%9D%98_%EC%9D%B4%EB%A6%84%EC%9D%84_%EB%B6%80%EB%A5%BC_%EB%95%8C
73,엑스가리온,https://ko.wikipedia.org/wiki/%EC%97%91%EC%8A%A4%EA%B0%80%EB%A6%AC%EC%98%A8
74,인서울 - 내가 독립하는 유일한 방법,https://ko.wikipedia.org/wiki/%EC%9D%B8%EC%84%9C%EC%9A%B8_-_%EB%82%B4%EA%B0%80_%EB%8F%85%EB%A6%BD%ED%95%98%EB%8A%94_%EC%9C%A0%EC%9D%BC%ED%95%9C_%EB%B0%A9%EB%B2%95
75,웰컴2라이프,https://ko.wikipedia.org/wiki/%EC%9B%B0%EC%BB%B42%EB%9D%BC%EC%9D%B4%ED%94%84
76,너의 노래를 들려줘,https://ko.wikipedia.org/wiki/%EB%84%88%EC%9D%98_%EB%85%B8%EB%9E%98%EB%A5%BC_%EB%93%A4%EB%A0%A4%EC%A4%98
77,17세의 조건,https://ko.wikipedia.org/wiki/17%EC%84%B8%EC%9D%98_%EC%A1%B0%EA%B1%B4
78,멜로가 체질,https://ko.wikipedia.org/wiki/%EB%A9%9C%EB%A1%9C%EA%B0%80_%EC%B2%B4%EC%A7%88
79,힙합왕 - 나스나길,https://ko.wikipedia.org/wiki/%ED%9E%99%ED%95%A9%EC%99%95_-_%EB%82%98%EC%8A%A4%EB%82%98%EA%B8%B8
80,우아한 가,https://ko.wikipedia.org/wiki/%EC%9A%B0%EC%95%84%ED%95%9C_%EA%B0%80
81,위대한 쇼,https://ko.wikipedia.org/wiki/%EC%9C%84%EB%8C%80%ED%95%9C_%EC%87%BC
82,타인은 지옥이다,https://ko.wikipedia.org/wiki/%ED%83%80%EC%9D%B8%EC%9D%80_%EC%A7%80%EC%98%A5%EC%9D%B4%EB%8B%A4
83,생일편지,https://ko.wikipedia.org/wiki/%EC%83%9D%EC%9D%BC%ED%8E%B8%EC%A7%80
84,꽃파당: 조선혼담공작소,https://ko.wikipedia.org/wiki/%EA%BD%83%ED%8C%8C%EB%8B%B9:_%EC%A1%B0%EC%84%A0%ED%98%BC%EB%8B%B4%EA%B3%B5%EC%9E%91%EC%86%8C
85,시크릿 부티크,https://ko.wikipedia.org/wiki/%EC%8B%9C%ED%81%AC%EB%A6%BF_%EB%B6%80%ED%8B%B0%ED%81%AC
86,동백꽃 필 무렵,https://ko.wikipedia.org/wiki/%EB%8F%99%EB%B0%B1%EA%BD%83_%ED%95%84_%EB%AC%B4%EB%A0%B5
87,달리는 조사관,https://ko.wikipedia.org/wiki/%EB%8B%AC%EB%A6%AC%EB%8A%94_%EC%A1%B0%EC%82%AC%EA%B4%80
88,쌉니다 천리마마트,https://ko.wikipedia.org/wiki/%EC%8C%89%EB%8B%88%EB%8B%A4_%EC%B2%9C%EB%A6%AC%EB%A7%88%EB%A7%88%ED%8A%B8_(%EB%93%9C%EB%9D%BC%EB%A7%88)
89,배가본드,https://ko.wikipedia.org/wiki/%EB%B0%B0%EA%B0%80%EB%B3%B8%EB%93%9C_(%EB%93%9C%EB%9D%BC%EB%A7%88)
90,청일전자 미쓰리,https://ko.wikipedia.org/wiki/%EC%B2%AD%EC%9D%BC%EC%A0%84%EC%9E%90_%EB%AF%B8%EC%93%B0%EB%A6%AC
91,사랑은 뷰티풀 인생은 원더풀,https://ko.wikipedia.org/wiki/%EC%82%AC%EB%9E%91%EC%9D%80_%EB%B7%B0%ED%8B%B0%ED%92%80_%EC%9D%B8%EC%83%9D%EC%9D%80_%EC%9B%90%EB%8D%94%ED%92%80
92,날 녹여주오,https://ko.wikipedia.org/wiki/%EB%82%A0_%EB%85%B9%EC%97%AC%EC%A3%BC%EC%98%A4
93,조선로코-녹두전,https://ko.wikipedia.org/wiki/%EC%A1%B0%EC%84%A0%EB%A1%9C%EC%BD%94-%EB%85%B9%EB%91%90%EC%A0%84
94,어쩌다 발견한 하루,https://ko.wikipedia.org/wiki/%EC%96%B4%EC%A9%8C%EB%8B%A4_%EB%B0%9C%EA%B2%AC%ED%95%9C_%ED%95%98%EB%A3%A8
95,나의 나라,https://ko.wikipedia.org/wiki/%EB%82%98%EC%9D%98_%EB%82%98%EB%9D%BC
96,모두의 거짓말,https://ko.wikipedia.org/wiki/%EB%AA%A8%EB%91%90%EC%9D%98_%EA%B1%B0%EC%A7%93%EB%A7%90
97,레버리지: 사기조작단,https://ko.wikipedia.org/wiki/%EB%A0%88%EB%B2%84%EB%A6%AC%EC%A7%80:_%EC%82%AC%EA%B8%B0%EC%A1%B0%EC%9E%91%EB%8B%A8
98,유령을 잡아라,https://ko.wikipedia.org/wiki/%EC%9C%A0%EB%A0%B9%EC%9D%84_%EC%9E%A1%EC%95%84%EB%9D%BC
99,꽃길만 걸어요,https://ko.wikipedia.org/wiki/%EA%BD%83%EA%B8%B8%EB%A7%8C_%EA%B1%B8%EC%96%B4%EC%9A%94
100,VIP,https://ko.wikipedia.org/wiki/VIP_(%EB%93%9C%EB%9D%BC%EB%A7%88)
101,두 번은 없다,https://ko.wikipedia.org/wiki/%EB%91%90_%EB%B2%88%EC%9D%80_%EC%97%86%EB%8B%A4
102,우아한 모녀,https://ko.wikipedia.org/wiki/%EC%9A%B0%EC%95%84%ED%95%9C_%EB%AA%A8%EB%85%80
103,보좌관 2,https://ko.wikipedia.org/wiki/%EB%B3%B4%EC%A2%8C%EA%B4%80_-_%EC%84%B8%EC%83%81%EC%9D%84_%EC%9B%80%EC%A7%81%EC%9D%B4%EB%8A%94_%EC%82%AC%EB%9E%8C%EB%93%A4_%EC%8B%9C%EC%A6%8C2
104,맛 좀 보실래요,https://ko.wikipedia.org/wiki/%EB%A7%9B_%EC%A2%80_%EB%B3%B4%EC%8B%A4%EB%9E%98%EC%9A%94
105,싸이코패스 다이어리,https://ko.wikipedia.org/wiki/%EC%8B%B8%EC%9D%B4%EC%BD%94%ED%8C%A8%EC%8A%A4_%EB%8B%A4%EC%9D%B4%EC%96%B4%EB%A6%AC
106,하자있는 인간들,https://ko.wikipedia.org/wiki/%ED%95%98%EC%9E%90%EC%9E%88%EB%8A%94_%EC%9D%B8%EA%B0%84%EB%93%A4
107,초콜릿,https://ko.wikipedia.org/wiki/%EC%B4%88%EC%BD%9C%EB%A6%BF_(%EB%93%9C%EB%9D%BC%EB%A7%88)
108,나쁜 사랑,https://ko.wikipedia.org/wiki/%EB%82%98%EC%81%9C_%EC%82%AC%EB%9E%91_(%EB%93%9C%EB%9D%BC%EB%A7%88)
109,99억의 여자,https://ko.wikipedia.org/wiki/99%EC%96%B5%EC%9D%98_%EC%97%AC%EC%9E%90
110,스토브리그,https://ko.wikipedia.org/wiki/%EC%8A%A4%ED%86%A0%EB%B8%8C%EB%A6%AC%EA%B7%B8_(%EB%93%9C%EB%9D%BC%EB%A7%88)
111,사랑의 불시착,https://ko.wikipedia.org/wiki/%EC%82%AC%EB%9E%91%EC%9D%98_%EB%B6%88%EC%8B%9C%EC%B0%A9
112,간택 - 여인들의 전쟁,https://ko.wikipedia.org/wiki/%EA%B0%84%ED%83%9D_-_%EC%97%AC%EC%9D%B8%EB%93%A4%EC%9D%98_%EC%A0%84%EC%9F%81
113,블랙독,https://ko.wikipedia.org/wiki/%EB%B8%94%EB%9E%99%EB%8F%85_(%EB%93%9C%EB%9D%BC%EB%A7%88)
114,검사내전,https://ko.wikipedia.org/wiki/%EA%B2%80%EC%82%AC%EB%82%B4%EC%A0%84
115,루왁인간,https://ko.wikipedia.org/wiki/%EB%A3%A8%EC%99%81%EC%9D%B8%EA%B0%84
