프로그램명,url,values,rating,장르,방송 채널,방송 시간
배틀트립,https://ko.wikipedia.org/wiki/%EB%B0%B0%ED%8B%80%ED%8A%B8%EB%A6%BD,"{'장르': '관찰 버라이어티, 여행', '방송 국가': '대한민국', '방송 채널': 'KBS 2TV', '방송 기간': '2016년 4월 16일 ~ 2020년 4월 3일', '방송 시간': '매주 금요일 밤 8:30 ~ 9:45', '방송 분량': '75분', '방송 횟수': '177부작', '추가 채널': 'KBS 드라마, KBS 조이, KBS W, KBS 월드, KBS N 스포츠, 드라마 H', '기획': '감자 크리에이티브 그룹', '책임프로듀서': '권재영 (KBS 예능운영팀)', '프로듀서': '강보영', '제작사': 'KBS 예능본부', '연출': '손지원, 이유민, 구민정', '작가': '박원우, 최은영, 하선정, 박자영, 임승화, 이효연, 이보미, 정다은, 강솔비, 이한솔, 김초이, 최단비', '진행자': '본문 참조', '음성': '2채널 돌비 디지털(디지털)', '자막': '청각 장애인들을 위한 자막 방송', 'HD 방송 여부': 'HD 제작 · 방송', '외부 링크': 'KBS 배틀트립 홈페이지'}",7.4%,"관찰 버라이어티, 여행",KBS 2TV,매주 금요일 밤 8:30 ~ 9:45
신상출시 편스토랑,https://ko.wikipedia.org/wiki/%EC%8B%A0%EC%83%81%EC%B6%9C%EC%8B%9C_%ED%8E%B8%EC%8A%A4%ED%86%A0%EB%9E%91,"{'장르': '요리', '방송 국가': '대한민국', '방송 채널': 'KBS 2TV', '방송 기간': '2019년 10월 25일 ~ 현재', '방송 시간': '매주 금요일 밤 9시 40분 ~ 11시 30분', '방송 분량': '100분', '방송 횟수': '88회 (2021년 7월 16일 기준)', '추가 채널': 'KBS 조이, KBS 드라마', '프로듀서': '강봉규 (KBS 예능운영팀)', '제작사': 'KBS 예능본부', '연출': '황성훈', '진행자': '본문 참조', '음성': '2채널 돌비 디지털 (디지털)', '자막': '청각 장애인들을 위한 자막 방송', 'HD 방송 여부': 'HD 제작 · 방송', '외부 링크': 'KBS 2TV 신상출시 편스토랑 공식 홈페이지'}",3.7%,요리,KBS 2TV,매주 금요일 밤 9시 40분 ~ 11시 30분
옥탑방의 문제아들,https://ko.wikipedia.org/wiki/%EC%98%A5%ED%83%91%EB%B0%A9%EC%9D%98_%EB%AC%B8%EC%A0%9C%EC%95%84%EB%93%A4,"{'장르': '리얼 버라이어티', '방송 국가': '대한민국', '방송 채널': 'KBS 2TV', '방송 기간': '2018년 11월 7일 ~ 현재', '방송 시간': '매주 화요일 밤 10시 40분 ~ 12시', '방송 분량': '80분', '방송 횟수': '139회 (2021년 7월 20일 기준)', '추가 채널': 'U-KBS HEART, KBS 드라마, KBS 조이', '기획': 'KBS 예능본부', '책임프로듀서': '이세희', '제작사': '에프엔씨프로덕션', '출연자': '본문 참조', 'HD 방송 여부': 'HD 제작 · 방송', '외부 링크': 'KBS 2TV 옥탑방의 문제아들 홈페이지'}",3.2%,리얼 버라이어티,KBS 2TV,매주 화요일 밤 10시 40분 ~ 12시
사장님 귀는 당나귀 귀,https://ko.wikipedia.org/wiki/%EC%82%AC%EC%9E%A5%EB%8B%98_%EA%B7%80%EB%8A%94_%EB%8B%B9%EB%82%98%EA%B7%80_%EA%B7%80,"{'장르': '관찰 버라이어티', '방송 국가': '대한민국', '방송 채널': 'KBS2, U-KBS HEART', '방송 기간': '2019년 4월 28일 ~현재', '방송 시간': '매주 일요일 오후 5:00 ~ 6:30', '방송 분량': '90분', '방송 횟수': '117회 (2021년 7월 18일 기준)', '프로듀서': '조현아', '제작사': 'KBS 예능본부', '연출': '이창수, 윤병일, 김태준, 박영광, 윤화정, 신정인', '진행자': '김숙, 전현무', '출연자': '#출연자 명단', '여는 곡': '지누션 - 말해줘', '닫는 곡': '지누션 - 말해줘', '외부 링크': '사장님 귀는 당나귀 귀 홈페이지'}",6.2%,관찰 버라이어티,"KBS2, U-KBS HEART",매주 일요일 오후 5:00 ~ 6:30
슈퍼맨이 돌아왔다,https://ko.wikipedia.org/wiki/%EC%8A%88%ED%8D%BC%EB%A7%A8%EC%9D%B4_%EB%8F%8C%EC%95%84%EC%99%94%EB%8B%A4,"{'장르': '관찰 버라이어티', '방송 국가': '대한민국', '방송 채널': 'KBS 2TV', '방송 기간': '2013년 11월 3일 ~ 현재', '방송 시간': '일요일 밤 9:15 ~ 11:05', '방송 횟수': '391회 (2021년 7월 18일 기준)', '추가 채널': 'U-KBS HEART, KBS 조이, KBS 드라마, KBS 스토리, KBS 월드', '프로듀서': '강봉규 (KBS 예능운영팀)', '제작자': 'KBS 예능본부', '연출': '양혁, 이재현, 정동현, 이상혁', '조연출': '이은주, 김수현, 김지형, 백현정, 박우영, 이훈재', '구성': '백순영, 박상미, 권영, 이효영, 백지숙, 신세희, 윤지원, 유은희, 박은빈, 장희경', '진행자': '박솔미, 소유진  (385회 ~ 현재)', '출연자': '샘 해밍턴, 박주호, 박현빈, 이천수, 윤상현, 후지타 사유리', '음성': '2채널 돌비디지털', '자막': '청각 장애인들을 위한 자막 방송', '외부 링크': 'KBS 2TV 슈퍼맨이 돌아왔다 홈페이지'}",5.7%,관찰 버라이어티,KBS 2TV,일요일 밤 9:15 ~ 11:05
구해줘! 홈즈,https://ko.wikipedia.org/wiki/%EA%B5%AC%ED%95%B4%EC%A4%98%21_%ED%99%88%EC%A6%88,"{'장르': '리얼 버라이어티, 생활', '방송 국가': '대한민국', '방송 채널': 'MBC TV', '방송 기간': '2019년 3월 31일 ~ 현재', '방송 시간': '매주 일요일 밤 10:40 ~ 12:20', '방송 분량': '100분', '방송 횟수': '117회 (2021년 7월 18일 기준)', '추가 채널': 'MBC 드라마넷, MBC 에브리원, E채널, 드라마 H, NQQ, 코미디TV, 더 라이프', '기획': '박현석 (MBC 예능운영팀)', '제작자': 'MBC 예능본부', '연출': '임경식, 이민희', '작가': '정다운, 손미나, 장선아, 황지현, 연보라, 김하운, 우재연, 이혜민, 전선우, 김수민, 박진희, 박신정', '출연자': '김숙, 박나래, 장동민, 양세찬, 붐, 양세형,', '음성': '2채널 돌비 디지털 (디지털)', '자막': '청각 장애인을 위한 자막 방송', 'HD 방송 여부': 'HD 제작 · 방송', '관련 프로그램': '바꿔줘! 홈즈', '후편': '미정', '외부 링크': 'MBC 구해줘! 홈즈 홈페이지'}",5.2%,"리얼 버라이어티, 생활",MBC TV,매주 일요일 밤 10:40 ~ 12:20
황금어장 라디오스타,https://ko.wikipedia.org/wiki/%ED%99%A9%EA%B8%88%EC%96%B4%EC%9E%A5_%EB%9D%BC%EB%94%94%EC%98%A4%EC%8A%A4%ED%83%80,"{'장르': '예능', '방송 국가': '대한민국', '방송 채널': 'MBC TV', '방송 기간': '2007년 5월 30일 ~ 현재', '방송 시간': '매주 수요일 밤 10시 20분 ~ 12시 40분', '방송 분량': '85분', '방송 횟수': '729회 (2021년 7월 14일 기준)', '추가 채널': 'MBC 드라마넷, MBC 에브리원, MBC 뮤직, E채널, 코미디 TV, Y-STAR 등', '기획': '김구산 (MBC 예능본부)', '연출': '최행호', '조연출': '조주연, 정겨운, 이민재, 이경은', '작가': '곽상원, 박숙진, 변은정, 박미르내, 이윤영, 김한슬', '진행자': '본문 참조', '여는 곡': ""Brother Louie Mix 98' (모던 토킹)"", '음성': '1채널 모노 사운드', '자막': '청각 장애인들을 위한 자막 방송', 'HD 방송 여부': 'HD 제작 · 방송', '외부 링크': 'MBC 황금어장 라디오스타 홈페이지'}",4.2%,예능,MBC TV,매주 수요일 밤 10시 20분 ~ 12시 40분
미스터리 음악쇼 복면가왕,https://ko.wikipedia.org/wiki/%EB%AF%B8%EC%8A%A4%ED%84%B0%EB%A6%AC_%EC%9D%8C%EC%95%85%EC%87%BC_%EB%B3%B5%EB%A9%B4%EA%B0%80%EC%99%95,"{'장르': '음악', '방송 국가': '대한민국', '방송 채널': 'MBC TV', '방송 기간': '2015년 4월 5일 ~ 현재', '방송 시간': '매주 일요일 저녁 6:00 ~ 7:50', '방송 분량': '110분', '방송 횟수': '316회 (2021년 7월 18일 기준)', '추가 채널': 'MBC 드라마넷, MBC M', '책임프로듀서': '박정규', '제작자': 'MBC 예능본부', '연출': '김문기', '조연출': '남유정, 이정아, 심진경, 김해니, 이수진, 김다영글, 이민재, 노영경, 황민지, 강영현, 김경표', '작가': '박원우, 김소현, 신마정, 이이혜, 조졍인, 우정화, 유지해, 김향수, 윤아름, 백은아', '진행자': '김성주', '출연자': '#출연진', '음성': '1채널 모노 사운드', '자막': '폐쇄 자막 방송', 'HD 방송 여부': 'HD 제작 · 방송', '관련 프로그램': '일밤', '외부 링크': 'MBC 복면가왕 홈페이지'}",6.8%,음악,MBC TV,매주 일요일 저녁 6:00 ~ 7:50
마이 리틀 텔레비전 V2,https://ko.wikipedia.org/wiki/%EB%A7%88%EC%9D%B4_%EB%A6%AC%ED%8B%80_%ED%85%94%EB%A0%88%EB%B9%84%EC%A0%84_V2,"{'장르': '리얼 버라이어티', '방송 국가': '대한민국', '방송 채널': 'MBC TV', '방송 기간': '2019년 3월 29일 ~ 2020년 1월 20일', '방송 시간': '매주 월요일 밤 9:50 ~ 11:20', '방송 분량': '1시간 30분', '방송 횟수': '41부작', '추가 채널': 'MBC 에브리원, MBC 뮤직, MBC 드라마넷, 코미디TV, E채널', '기획': '강영선', '제작사': 'MBC 예능본부', '연출': '박진경, 권해봄', '관련 프로그램': '마이 리틀 텔레비전', '외부 링크': 'MBC 마이 리틀 텔레비전 V2 홈페이지'}",4.7%,리얼 버라이어티,MBC TV,매주 월요일 밤 9:50 ~ 11:20
놀면 뭐하니?,https://ko.wikipedia.org/wiki/%EB%86%80%EB%A9%B4_%EB%AD%90%ED%95%98%EB%8B%88%3F,"{'장르': '리얼 버라이어티', '방송 국가': '대한민국', '방송 채널': 'MBC TV', '방송 기간': '2019년 7월 27일 ~ 현재', '방송 시간': '매주 토요일 저녁 6:30 ~ 7:55', '방송 분량': '1시간 25분', '방송 횟수': '101회 (2021년 7월 17일 기준)', '추가 채널': 'MBC 드라마넷, MBC 에브리원', '기획': '전진수 (MBC 예능운영팀)', '프로듀서': '김태호', '제작자': 'MBC 예능본부', '연출': '김태호, 채현석', '출연자': '유재석', '음성': '2채널 돌비 디지털 (디지털)', '자막': '청각 장애인들을 위한 자막 방송', 'HD 방송 여부': 'HD 제작 · 방송', '외부 링크': 'MBC 놀면 뭐하니? 홈페이지'}",8.2%,리얼 버라이어티,MBC TV,매주 토요일 저녁 6:30 ~ 7:55
런닝맨_(텔레비전_프로그램),https://ko.wikipedia.org/wiki/%EB%9F%B0%EB%8B%9D%EB%A7%A8_%28%ED%85%94%EB%A0%88%EB%B9%84%EC%A0%84_%ED%94%84%EB%A1%9C%EA%B7%B8%EB%9E%A8%29,"{'장르': '리얼 버라이어티', '방송 국가': '대한민국', '방송 채널': 'SBS TV', '방송 기간': '2010년 7월 11일 ~ 현재', '방송 시간': '매주 일요일 오후 5:00 ~ 6:30', '방송 분량': '90분', '방송 횟수': '564회 (2021년 7월 18일 기준)', '추가 채널': 'SBS funE, NQQ, E채널', '프로듀서': '공희철', '제작사': 'SBS', '연출': '최보필', '출연자': '본문 참조', '음성': '1채널 돌비 디지털 (디지털)', '자막': '청각 장애인들을 위한 자막 방송', 'HD 방송 여부': 'HD 제작 · 방송', '외부 링크': 'SBS 런닝맨 홈페이지'}",,리얼 버라이어티,SBS TV,매주 일요일 오후 5:00 ~ 6:30
미운 우리 새끼,https://ko.wikipedia.org/wiki/%EB%AF%B8%EC%9A%B4_%EC%9A%B0%EB%A6%AC_%EC%83%88%EB%81%BC,"{'장르': '관찰 버라이어티', '방송 국가': '대한민국', '방송 채널': 'SBS TV', '방송 기간': '2016년 8월 26일 ~ 현재', '방송 시간': '매주 일요일 밤 9:05 ~ 11:05', '방송 분량': '120분', '방송 횟수': '251회 (2021년 7월 18일 기준)', '추가 채널': 'SBS 플러스, SBS funE, 드라맥스, 코미디 TV, E채널, CMC TV, 드라마 H', '책임프로듀서': '곽승영 (SBS 예능운영팀)', '제작자': 'SBS 예능본부', '연출': '박중원, 한승호, 백수진', '조연출': '김기태, 정지은, 김주원', '작가': '육소영, 강승희, 김보람,  최정원, 방유경, 김태림,  강유진, 지가은, 김은혜,  류지영, 신다솜', '진행자': '본문 참조', '출연자': '본문 참조', '음성': '2채널 돌비 디지털 (디지털)', '자막': '청각 장애인들을 위한 자막 방송', 'HD 방송 여부': 'HD 제작 · 방송', '외부 링크': 'SBS 미운 우리 새끼 홈페이지'}",14.3%,관찰 버라이어티,SBS TV,매주 일요일 밤 9:05 ~ 11:05
집사부일체,https://ko.wikipedia.org/wiki/%EC%A7%91%EC%82%AC%EB%B6%80%EC%9D%BC%EC%B2%B4,"{'장르': '리얼 버라이어티', '방송 국가': '대한민국', '방송 채널': 'SBS TV', '방송 기간': '2017년 12월 31일 ~ 현재', '방송 시간': '매주 일요일 저녁 6:30 ~ 8:00', '방송 분량': '90분', '방송 횟수': '181회 (2021년 7월 18일 기준)', '추가 채널': 'SBS 플러스, SBS funE', '책임프로듀서': '유윤재 (SBS 예능운영팀)', '제작자': 'SBS 예능본부', '연출': '서미란, 김용호, 이세영, 김정욱, 한비인, 이홍희, 최형인, 안병욱, 정지은', '작가': '김명정, 정지숙, 이희수, 김다연, 김소영, 양희진, 유혜리, 이민정, 박지연', '출연자': '본문 참조', '음악': '본문 참조', '음성': '1채널 돌비 디지털 (디지털)', '자막': '청각 장애인들을 위한 자막 방송', 'HD 방송 여부': 'HD 제작 · 방송', '외부 링크': 'SBS 집사부일체 홈페이지'}",4.1%,리얼 버라이어티,SBS TV,매주 일요일 저녁 6:30 ~ 8:00
백종원의 골목식당,https://ko.wikipedia.org/wiki/%EB%B0%B1%EC%A2%85%EC%9B%90%EC%9D%98_%EA%B3%A8%EB%AA%A9%EC%8B%9D%EB%8B%B9,"{'장르': '요리', '방송 국가': '대한민국', '방송 채널': 'SBS TV', '방송 기간': '2018년 1월 5일 ~ 현재', '방송 시간': '매주 수요일 밤 10:40 ~ 12:10', '방송 분량': '95분', '방송 횟수': '178회 (2021년 7월 14일 기준)', '추가 채널': 'SBS 플러스, SBS funE, NQQ, 드라마 H', '기획': 'SBS 예능본부', '책임프로듀서': '유윤재', '제작자': 'SBS 예능본부', '연출': '장승민, 김세원, 강철, 정우진, 윤종호', '조연출': '이명재', '작가': '황보경, 이혜민, 전주영, 이민정, 김민지, 한아름, 박민정, 강수진, 정세희, 이도희, 최민영, 임다솜, 홍현희, 김지우', '진행자': '본문 참조', '음성': '2채널 돌비 디지털 (디지털)', '자막': '청각 장애인을 위한 자막 방송', 'HD 방송 여부': 'HD 제작 · 방송', '외부 링크': 'SBS 백종원의 골목식당 홈페이지'}",3.7%,요리,SBS TV,매주 수요일 밤 10:40 ~ 12:10
유 퀴즈 온 더 블럭,https://ko.wikipedia.org/wiki/%EC%9C%A0_%ED%80%B4%EC%A6%88_%EC%98%A8_%EB%8D%94_%EB%B8%94%EB%9F%AD,"{'장르': '퀴즈 쇼', '방송 국가': '대한민국', '방송 채널': 'tvN', '방송 기간': '시즌 1\xa0: 2018년 8월 29일 ~ 2018년 11월 14일시즌 2\xa0: 2019년 4월 16일 ~ 2019년 12월 3일시즌 3\xa0: 2020년 3월 11일 ~ 현재', '방송 시간': '시즌 1\xa0: 수요일 밤 11시시즌 2\xa0: 화요일 밤 11시시즌 3\xa0: 수요일 밤 8시 40분', '방송 분량': '1시간 30분', '방송 횟수': '115회 (2021년 7월 14일 기준)', '책임프로듀서': '고민구', '연출': '김민석, 이지숙, 박종석, 박근형, 김남호, 정도담, 윤재원, 강효수, 박준영, 한재희, 김민지, 허은지, 한유진, 김재희, 이지협, 오현진, 조수현', '작가': '이언주, 조유림, 이향란, 김나라, 이선혜, 박승리, 허소영, 장윤아, 이지민, 손민이', '출연자': '유재석, 조세호', 'HD 방송 여부': 'HD'}",4.6%,퀴즈 쇼,tvN,시즌 1 : 수요일 밤 11시시즌 2 : 화요일 밤 11시시즌 3 : 수요일 밤 8시 40분
어쩌다 어른,https://ko.wikipedia.org/wiki/%EC%96%B4%EC%A9%8C%EB%8B%A4_%EC%96%B4%EB%A5%B8,"{'장르': '예능', '방송 국가': '대한민국', '방송 채널': 'O tvN', '방송 기간': '1기\xa0: 2015년 9월 10일 ~ 2018년 12월 19일  2기\xa0: 2019년 2월 28일 ~2019년 5월 2일', '방송 시간': '목요일 밤 8시 10분', '방송 횟수': '174부작', '추가 채널': 'tvN', '출연자': '하석진', '언어': '한국어', '음성': '2채널 돌비 디지털', 'HD 방송 여부': 'HD 제작 · 방송'}",8.1%,예능,O tvN,목요일 밤 8시 10분
킹덤_(2019년_드라마),https://ko.wikipedia.org/wiki/%ED%82%B9%EB%8D%A4_%282019%EB%85%84_%EB%93%9C%EB%9D%BC%EB%A7%88%29,"{'장르': '드라마', '방송 국가': '대한민국', '방송 채널': '넷플릭스', '방송 기간': '2019년 1월 25일 (시즌 1)2020년 3월 13일 (시즌 2)2021년 7월 23일 (시즌 3)', '방송 횟수': '12회 (시즌 1 6회, 시즌 2 6회)', '원작': '김은희, 윤인완의 웹툰《신의 나라》', '기획': '넷플릭스', '프로듀서': '오승준', '촬영': '김태성', '제작사': '에이스토리', '제작자': '이상백', '연출': '김성훈 (시즌 1), 박인제(시즌 2)', '각본': '김은희', '출연자': '주지훈, 류승룡, 배두나 외', '음악': '목영진', 'HD 방송 여부': 'HD 제작 · 방송', '외부 링크': '킹덤 홈페이지'}",,드라마,넷플릭스,
아이콘택트,https://ko.wikipedia.org/wiki/%EC%95%84%EC%9D%B4%EC%BD%98%ED%83%9D%ED%8A%B8,"{'장르': '예능', '방송 국가': '대한민국', '방송 채널': '채널A', '방송 기간': '2019년 8월 5일 ~  2021년 1월 27일', '방송 시간': '수요일 밤 9시 50분', '방송 분량': '1시간 10분', '방송 횟수': '76부작', 'HD 방송 여부': 'HD 제작 · 방송', '외부 링크': '아이콘택트 홈페이지'}",4.4%,예능,채널A,수요일 밤 9시 50분
아스달 연대기,https://ko.wikipedia.org/wiki/%EC%95%84%EC%8A%A4%EB%8B%AC_%EC%97%B0%EB%8C%80%EA%B8%B0,"{'장르': '판타지 사극', '방송 국가': '대한민국', '방송 채널': 'tvN', '방송 기간': '2019년 6월 1일 ~ 2019년 7월 7일(시즌1)2019년 9월 7일 ~ 2019년 9월 22일 (시즌2)2021년  (시즌3)', '방송 시간': '매주 토요일, 일요일 밤 9시 ~ 10시 55분', '방송 분량': '70분', '방송 횟수': '18부작', '기획': '최진희', '제작사': '스튜디오 드래곤, KPJ', '연출': '김원석', '각본': '김영현, 박상연', '출연자': '장동건, 송중기, 김지원, 김옥빈 외', 'HD 방송 여부': 'HD 제작 · 방송', '외부 링크': '아스달 연대기 홈페이지'}",7.7%,판타지 사극,tvN,"매주 토요일, 일요일 밤 9시 ~ 10시 55분"
스트리트 푸드 파이터,https://ko.wikipedia.org/wiki/%EC%8A%A4%ED%8A%B8%EB%A6%AC%ED%8A%B8_%ED%91%B8%EB%93%9C_%ED%8C%8C%EC%9D%B4%ED%84%B0,"{'장르': '예능', '방송 국가': '대한민국', '방송 채널': 'tvN', '방송 기간': '시즌 1\xa0: 2018년 4월 23일 ~2018년 6월 11일   시즌 2\xa0: 2019년 9월 22일 ~  2019년11월24일', '방송 시간': '시즌 1\xa0: 월요일 밤 11시 00분 시즌 2\xa0: 일요일 밤 10시 50분', '방송 분량': '70분', '연출': '박희연, 임경아', 'HD 방송 여부': 'HD 제작 · 방송', '외부 링크': '스트리트 푸드 파이터 2 홈페이지'}",2.9%,예능,tvN,시즌 1 : 월요일 밤 11시 00분 시즌 2 : 일요일 밤 10시 50분
식객 허영만의 백반기행,https://ko.wikipedia.org/wiki/%EC%8B%9D%EA%B0%9D_%ED%97%88%EC%98%81%EB%A7%8C%EC%9D%98_%EB%B0%B1%EB%B0%98%EA%B8%B0%ED%96%89,"{'장르': '교양 (음식기행)', '방송 국가': '대한민국', '방송 채널': 'TV조선', '방송 기간': '2019년 5월 14일 ~ 현재', '방송 시간': '매주 금요일 저녁 8시', '책임프로듀서': '조승연', '연출': '황우광, 김건세, 김민태, 박보경, 강희재, 윤인선, 이진배, 이동재', '각본': '이윤희, 김민아, 박상희, 이민희, 김한결, 손유림, 안지하, 안다혜', 'HD 방송 여부': 'HD 제작 · 방송', '외부 링크': 'TV조선 식객 허영만의 백반기행 홈페이지'}",2.3%,교양 (음식기행),TV조선,매주 금요일 저녁 8시
뭉쳐야 찬다,https://ko.wikipedia.org/wiki/%EB%AD%89%EC%B3%90%EC%95%BC_%EC%B0%AC%EB%8B%A4,"{'장르': '예능', '방송 국가': '대한민국', '방송 채널': 'JTBC', '방송 기간': '시즌1\xa0: 2019년 6월 13일 ~ 2021년 1월 31일시즌2\xa0: 2021년 8월 1일 ~ 방영 예정', '방송 시간': '매주 일요일 저녁 7:40 ~ 10:00', '방송 분량': '140분', '방송 횟수': '시즌1\xa0: 82부작시즌2\xa0: 1회 (2021년 8월 1일 기준)', '추가 채널': 'JTBC2, JTBC4, 드라마 H, 라이프타임, 히스토리채널, JTBC 골프&스포츠', '기획': '성치경', '연출': '김진, 진달래, 맹지훈, 나현영, 김하나, 장금희, 정민경, 김희정, 전미소, 이준우, 김수진, 신은주, 최연우, 김상훈, 허수현', '조연출': '유채은, 김다희, 전효성, 허수정, 박건민, 이교근', '작가': '모은설, 신정희, 김아름, 고현정, 황소연, 조혜주, 임소민, 한경은, 신서경, 이지현', 'HD 방송 여부': 'HD 제작 · 방송', '외부 링크': '뭉쳐야 찬다 홈페이지'}",10.8%,예능,JTBC,매주 일요일 저녁 7:40 ~ 10:00
PRODUCE X 101,https://ko.wikipedia.org/wiki/PRODUCE_X_101,"{'장르': '리얼리티\n서바이벌\n음악', '방송 국가': '대한민국', '방송 채널': '엠넷', '방송 기간': '2019년 5월 3일 ~ 2019년 7월 19일', '방송 시간': '매주 금요일 오후 11시 ~ 토요일 오전 1시 20분', '방송 분량': '2시간', '방송 횟수': '12부작', '기획': 'CJ ENM', '프로듀서': '안준영', '진행자': '이동욱', '출연자': '이석훈\n신유미\n치타\n권재승\n최영준\n배윤정', '언어': '한국어', '음성': '2채널 돌비 디지털', '자막': '한국어', 'HD 방송 여부': '고선명 텔레비전 제작 ·  방송', '전편': 'PRODUCE 48', '외부 링크': '공식 웹사이트'}",,"리얼리티
서바이벌
음악",엠넷,매주 금요일 오후 11시 ~ 토요일 오전 1시 20분
1박 2일,https://ko.wikipedia.org/wiki/1%EB%B0%95_2%EC%9D%BC,"{'장르': '리얼 버라이어티, 여행', '방송 국가': '대한민국', '방송 채널': 'KBS 2TV', '방송 기간': '2007년 8월 5일 ~ 현재', '방송 시간': '매주 일요일 오후 6:30 ~ 7:50', '방송 분량': '1시간 20분', '추가 채널': 'KBS 조이, KBS 드라마, KBS 월드', '기획': 'KBS 예능본부', '프로듀서': '김영도', '연출': '방글이, 구민정, 권재오, 박지은, 유지윤, 이희성', '작가': '박진영, 이지혜, 이고운, 백나미, 전소유, 차경진, 지예림', '출연자': '김종민, 연정훈, 김선호, 딘딘, 라비, 문세윤[1]', '자막': '폐쇄 자막[2]', '데이터 방송': 'SD 제작 · 방송:  (2007년 8월 5일 ~ 2010년 5월 16일) 1회 ~ 140회', 'HD 방송 여부': 'HD 제작 · 방송:  (2010년 5월 23일 ~ 2019년 3월 10일, 2019년 12월 8일 ~ 현재) 141회 ~ 현재', '관련 프로그램': '미녀들의 1박 2일', '전편': '준비됐어요', '외부 링크': '1박 2일 공식 홈페이지'}",10.8%,"리얼 버라이어티, 여행",KBS 2TV,매주 일요일 오후 6:30 ~ 7:50
왼손잡이 아내,https://ko.wikipedia.org/wiki/%EC%99%BC%EC%86%90%EC%9E%A1%EC%9D%B4_%EC%95%84%EB%82%B4,"{'장르': '드라마', '방송 국가': '대한민국', '방송 채널': 'KBS 2TV', '방송 기간': '2019년 1월 2일 ~ 2019년 5월 31일', '방송 시간': '매주 평일 저녁 7:50 ~ 8:30 (본방송)매주 목요일 낮 12:10 ~ 오후 2:00 (재방송)', '방송 분량': '40분', '방송 횟수': '103부작', '기획': 'KBS 드라마본부', '책임프로듀서': '김상휘 → 문준하 (KBS 드라마운영팀)', '프로듀서': '최상열', '촬영': '김경호, 김길웅, 안덕철, 최기하, 최찬영, 한주열, 권혁균, 김필승', '제작사': '팬 엔터테인먼트', '제작자': '김희열', '연출': '김명욱', '조연출': '김경진, 장수미, 양광신, 오정민, 고금상', '각본': '문은아', '출연자': '이수경, 김진우, 진태현, 하연주, 이승연 외', '여는 곡': 'Various Artists - Left Hander', '닫는 곡': 'Various Artists - Left Hander', '음성': '2채널 돌비 디지털(디지털)', '자막': '청각 장애인을 위한 자막 방송', '외부 링크': '왼손잡이 아내 홈페이지'}",17.1%,드라마,KBS 2TV,매주 평일 저녁 7:50 ~ 8:30 (본방송)매주 목요일 낮 12:10 ~ 오후 2:00 (재방송)
최고의 치킨,https://ko.wikipedia.org/wiki/%EC%B5%9C%EA%B3%A0%EC%9D%98_%EC%B9%98%ED%82%A8,"{'장르': '드라마', '방송 국가': '대한민국', '방송 채널': '드라맥스, MBN', '방송 기간': '2019년 1월 2일 ~ 2019년 2월 7일', '방송 시간': '수요일, 목요일 밤 11시', '방송 횟수': '12부작', '제작사': 'iHQ, 메이퀸픽쳐스', '연출': '이승훈', '각본': '박찬영, 조아영', '출연자': '박선호, 김소혜, 주우재 외', 'HD 방송 여부': 'HD 제작 · 방송'}",1.3%,드라마,"드라맥스, MBN","수요일, 목요일 밤 11시"
개같다 거지같다 아름답다,https://ko.wikipedia.org/w/index.php?title=%EA%B0%9C%EA%B0%99%EB%8B%A4_%EA%B1%B0%EC%A7%80%EA%B0%99%EB%8B%A4_%EC%95%84%EB%A6%84%EB%8B%B5%EB%8B%A4&action=edit&redlink=1,,1.1%,,,
동네변호사 조들호 2: 죄와 벌,https://ko.wikipedia.org/wiki/%EB%8F%99%EB%84%A4%EB%B3%80%ED%98%B8%EC%82%AC_%EC%A1%B0%EB%93%A4%ED%98%B8_2:_%EC%A3%84%EC%99%80_%EB%B2%8C,"{'장르': '법률 드라마', '방송 국가': '대한민국', '방송 채널': 'KBS 2TV', '방송 기간': '2019년 1월 7일 ~ 2019년 3월 26일', '방송 시간': '매주 월요일, 화요일 밤 10:00 ~ 11:10', '방송 분량': '1시간 10분 (1회당 35분 / 2회 연속 방송)', '방송 횟수': '40부작 + 스페셜 1부작', '원작': '해츨링의 웹툰《동네변호사 조들호》', '기획': 'KBS 드라마본부', '책임프로듀서': '배경수 (KBS 드라마운영팀)', '프로듀서': '김형석', '제작사': '온누리미디어㈜UFO프로덕션,스튜디오인빅터스,씨너지인터내셔날', '제작자': '남궁견', '연출': '한상우, 이호, 김정권', '조연출': '함영걸, 안현민, 박우성', '각본': '김서연, 손세동, 이정필, 김영찬, 조혜빈', '출연자': '박신양, 고현정, 이민지, 변희봉 외', 'HD 방송 여부': 'HD 제작 · 방송', '전편': '동네변호사 조들호', '외부 링크': '동네변호사 조들호 2 홈페이지'}",9.3%,법률 드라마,KBS 2TV,"매주 월요일, 화요일 밤 10:00 ~ 11:10"
왕이 된 남자,https://ko.wikipedia.org/wiki/%EC%99%95%EC%9D%B4_%EB%90%9C_%EB%82%A8%EC%9E%90,"{'장르': '사극', '방송 국가': '대한민국', '방송 채널': 'tvN', '방송 기간': '2019년 1월 7일 ~ 2019년 3월 4일', '방송 횟수': '16부작', '원작': '영화 《광해, 왕이 된 남자》', '기획': '스튜디오 드래곤', '책임프로듀서': '장정도', '프로듀서': '이정묵 강상훈', '제작사': '스튜디오 드래곤 (주)지티스트', '제작자': '김규태', '연출': '김희원, 명현우', '각본': '김선덕, 신하은', '출연자': '여진구, 김상경, 이세영 외', '자막': '청각 장애인을 위한 자막 방송', 'HD 방송 여부': 'HD 제작 · 방송', '외부 링크': '왕이 된 남자 홈페이지'}",10.9%,사극,tvN,
왜그래 풍상씨,https://ko.wikipedia.org/wiki/%EC%99%9C%EA%B7%B8%EB%9E%98_%ED%92%8D%EC%83%81%EC%94%A8,"{'장르': '가족, 코미디', '방송 국가': '대한민국', '방송 채널': 'KBS 2TV', '방송 기간': '2019년 1월 9일 ~ 2019년 3월 14일', '방송 시간': '매주 수요일, 목요일 밤 10:00 ~ 11:10', '방송 분량': '70분 (1회당 35분 2회 연속 방송)', '방송 횟수': '40부작 + 스페셜 1부작', '추가 채널': 'KBS 드라마, KBS W, 스카이 드라마', '기획': 'KBS 드라마본부', '책임프로듀서': '이건준 (KBS 드라마운영팀)', '프로듀서': '김동휘, 이승범', '편집': '김금순', '제작사': '초록뱀미디어, 팬 엔터테인먼트', '제작자': '김상헌, 조형진', '연출': '진형욱, 이현석', '조연출': '홍은미, 김철민, 김민준', '각본': '문영남', '출연자': '유준상, 오지호, 전혜빈, 이시영, 이창엽 외', '음악': '개미', '여는 곡': '노을 - 꿈', '닫는 곡': '노을 - 꿈유준상 - 나는 행복한 사람', 'HD 방송 여부': 'HD 제작 · 방송', '외부 링크': '왜그래 풍상씨 홈페이지'}",22.7%,"가족, 코미디",KBS 2TV,"매주 수요일, 목요일 밤 10:00 ~ 11:10"
각색은 이미 시작됐다,https://ko.wikipedia.org/w/index.php?title=%EA%B0%81%EC%83%89%EC%9D%80_%EC%9D%B4%EB%AF%B8_%EC%8B%9C%EC%9E%91%EB%90%90%EB%8B%A4&action=edit&redlink=1,,0.6%,,,
용왕님 보우하사,https://ko.wikipedia.org/wiki/%EC%9A%A9%EC%99%95%EB%8B%98_%EB%B3%B4%EC%9A%B0%ED%95%98%EC%82%AC,"{'장르': '드라마', '방송 국가': '대한민국', '방송 채널': 'MBC', '방송 기간': '2019년 1월 14일 ~ 2019년 7월 12일', '방송 시간': '매주 평일 오후 7:10 ~ 오후 7:55 [1회 ~ 5회]매주 평일 오후 7:15 ~ 오후 7:55 [6회~40회]매주 평일 오후 6:50 ~ 오후 7:30 [41회~121회]', '방송 분량': '40분', '방송 횟수': '121부작', '추가 채널': 'MBC 드라마넷', '기획': 'MBC 드라마본부', '제작사': 'MBC C&I', '제작자': '이민수', '연출': '최은경, 김용민', '극본': '최연걸', '출연자': '이소연, 재희, 조안, 김형민 외', '음성': '2채널 돌비 디지털(디지털)', '자막': '청각 장애인을 위한 자막 방송', 'HD 방송 여부': 'HD 제작·방송', '외부 링크': '용왕님 보우하사 홈페이지'}",9.5%,드라마,MBC,매주 평일 오후 7:10 ~ 오후 7:55 [1회 ~ 5회]매주 평일 오후 7:15 ~ 오후 7:55 [6회~40회]매주 평일 오후 6:50 ~ 오후 7:30 [41회~121회]
봄이 오나 봄,https://ko.wikipedia.org/wiki/%EB%B4%84%EC%9D%B4_%EC%98%A4%EB%82%98_%EB%B4%84,"{'방송 국가': '대한민국', '방송 채널': 'MBC TV', '방송 기간': '2019년 1월 23일 ~ 2019년 3월 21일', '방송 시간': '매주 수, 목 밤 10:00 ~ 11:10', '방송 분량': '70분 (1회당 35분)', '방송 횟수': '32부작', '기획': '박성은', '제작사': '제이에스픽쳐스', '제작자': '이진석', '연출': '김상호, 박승우', '각본': '이혜선', '출연자': '이유리, 엄지원, 이종혁, 최병모 외', '음성': '2채널 돌비 디지털 (디지털)', '자막': '청각 장애인을 위한 자막 방송', 'HD 방송 여부': 'HD 제작 · 방송', '외부 링크': '봄이 오나 봄 홈페이지'}",4.3%,,MBC TV,"매주 수, 목 밤 10:00 ~ 11:10"
로맨스는 별책부록,https://ko.wikipedia.org/wiki/%EB%A1%9C%EB%A7%A8%EC%8A%A4%EB%8A%94_%EB%B3%84%EC%B1%85%EB%B6%80%EB%A1%9D,"{'장르': '드라마', '방송 국가': '대한민국', '방송 채널': 'tvN', '방송 기간': '2019년 1월 26일 ~ 2019년 3월 17일', '방송 횟수': '16부작', '기획': '스튜디오드래곤', '제작사': '글앤그림미디어', '제작자': '황지우', '연출': '이정효', '각본': '정현정', '출연자': '이나영, 이종석, 정유진, 위하준 외', 'HD 방송 여부': 'HD 제작 · 방송', '외부 링크': '로맨스는 별책부록 홈페이지'}",6.7%,드라마,tvN,
반야,https://ko.wikipedia.org/wiki/%EB%B0%98%EC%95%BC,{},,,,
바벨,https://ko.wikipedia.org/wiki/%EB%B0%94%EB%B2%A8_(%EB%93%9C%EB%9D%BC%EB%A7%88),"{'장르': '범죄. 미스터리. 멜로', '방송 국가': '대한민국', '방송 채널': 'TV CHOSUN', '방송 기간': '2019년 1월 27일 ~ 2019년 3월 24일', '방송 시간': '토요일, 일요일 밤 10시 50분', '방송 횟수': '16부작 + 스페셜1부작', '추가 채널': 'TV조선2', '제작사': '하이그라운드, 원츠메이커 픽쳐스', '연출': '윤성식', '각본': '권순원, 박상욱', '출연자': '박시후, 장희진, 김해숙, 장신영,김지훈, 송재희, 임정은 외', '음성': '2채널 돌비 디지털(디지털)', '자막': '청각 장애인을 위한 자막 방송', 'HD 방송 여부': 'HD 제작 · 방송', '외부 링크': '바벨 홈페이지'}",3.7%,범죄. 미스터리. 멜로,TV CHOSUN,"토요일, 일요일 밤 10시 50분"
파고,https://ko.wikipedia.org/wiki/%ED%8C%8C%EA%B3%A0_(%EB%93%9C%EB%9D%BC%EB%A7%88),"{'장르': '범죄 드라마', '방송 국가': '미국', '방송 채널': 'FX', '방송 기간': '2014년 4월 15일 ~ 현재', '방송 분량': '48분 ~ 53분', '방송 횟수': '20'}",,범죄 드라마,FX,
진심이 닿다,https://ko.wikipedia.org/wiki/%EC%A7%84%EC%8B%AC%EC%9D%B4_%EB%8B%BF%EB%8B%A4,"{'장르': '드라마', '방송 국가': '대한민국', '방송 채널': 'tvN', '방송 기간': '2019년 2월 6일 ~ 2019년 3월 28일', '방송 시간': '수요일, 목요일 밤 9시 30분 ~ 10시 50분', '방송 분량': '60분', '방송 횟수': '16부작', '원작': '예거의 웹소설《진심이 닿다》', '기획': '스튜디오드래곤', '책임프로듀서': '장정도', '프로듀서': '정다형', '편집': '오동희', '촬영': '이창재, 조대근', '제작사': '메가몬스터, 콘텐츠 지음', '제작자': '이준호, 한석원', '연출': '박준화, 최지영', '조연출': '이영옥, 최광식, 배희영, 박아름', '극본': '이명숙, 최보림', '출연자': '유인나, 이동욱, 이상우, 손성윤 외', '음악': '서성원, 이종수', '자막': '청각 장애인을 위한 자막 방송', 'HD 방송 여부': 'HD 제작 ㆍ 방송', '외부 링크': '진심이 닿다 홈페이지'}",4.7%,드라마,tvN,"수요일, 목요일 밤 9시 30분 ~ 10시 50분"
리갈 하이,https://ko.wikipedia.org/wiki/%EB%A6%AC%EA%B0%88_%ED%95%98%EC%9D%B4_(2019%EB%85%84_%EB%93%9C%EB%9D%BC%EB%A7%88),"{'장르': '드라마', '방송 국가': '대한민국', '방송 채널': 'JTBC', '방송 기간': '2019년 2월 8일 ~ 2019년 3월 30일', '방송 시간': '금요일, 토요일 밤 11시', '방송 횟수': '16부작', '원작': '일본의 드라마《리갈 하이》', '기획': 'JTBC', '제작사': '지앤지프로덕션, 이매진아시아', '제작자': '오성민, 곽홍석', '연출': '김정현, 김상호', '각본': '박성진', '출연자': '진구, 서은수, 윤박 외', 'HD 방송 여부': 'HD 제작 · 방송', '외부 링크': '리갈 하이 홈페이지'}",3.3%,드라마,JTBC,"금요일, 토요일 밤 11시"
막돼먹은 영애씨 17,https://ko.wikipedia.org/wiki/%EB%A7%89%EB%8F%BC%EB%A8%B9%EC%9D%80_%EC%98%81%EC%95%A0%EC%94%A8_17,"{'장르': '드라마', '방송 국가': '대한민국', '방송 채널': 'tvN', '방송 기간': '2019년 2월 8일 ~ 2019년 4월 26일', '방송 시간': '매주 금요일 오후 11시', '방송 횟수': '12부작', '추가 채널': 'O tvN', '기획': '이명한', '책임프로듀서': '안상휘', '편집': '백은자', '제작사': 'CJ ENM', '연출': '한상재, 윤재순, 김새별, 조제욱', '조연출': '홍경득, 김태경, 유아라', '각본': '한설희, 백지현, 홍보희, 오은지', '구성': '정의정', '출연자': '김현숙, 이승준 외', '해설': '박형욱', 'HD 방송 여부': 'HD 제작 · 방송', '전편': '막돼먹은 영애씨 16', '외부 링크': '막돼먹은 영애씨 17 홈페이지'}",3.1%,드라마,tvN,매주 금요일 오후 11시
트랩,https://ko.wikipedia.org/wiki/%ED%8A%B8%EB%9E%A9_(%EB%93%9C%EB%9D%BC%EB%A7%88),"{'장르': '범죄', '방송 국가': '대한민국', '방송 채널': 'OCN', '방송 기간': '2019년 2월 9일 ~ 2019년 3월 3일', '방송 시간': '토요일, 일요일 밤 10시 20분', '방송 횟수': '7부작', '기획': 'OCN', '책임프로듀서': '한지형', '제작사': '필름몬스터', '제작자': '이재규, 박철수', '연출': '박신우', '조연출': '최현성, 김남수, 조윤희', '각본': '남상욱, 박신우', '출연자': '이서진, 성동일, 임화영 외', '언어': '한국어', '음성': '2채널 돌비 디지털', 'HD 방송 여부': 'HD 제작 · 방송', '외부 링크': '트랩 홈페이지'}",4.0%,범죄,OCN,"토요일, 일요일 밤 10시 20분"
눈이 부시게,https://ko.wikipedia.org/wiki/%EB%88%88%EC%9D%B4_%EB%B6%80%EC%8B%9C%EA%B2%8C,"{'장르': '로맨스, 판타지', '방송 국가': '대한민국', '방송 채널': 'JTBC', '방송 기간': '2019년 2월 11일 ~ 2019년 3월 19일', '방송 시간': '매주 월, 화 밤 9:30', '방송 횟수': '12부작', '책임프로듀서': '김지연', '제작사': '드라마하우스', '제작자': '박준서', '연출': '김석윤', '각본': '이남규, 김수진', '출연자': '김혜자, 한지민, 남주혁 외', '음악': '김형석', '음성': '2채널 돌비 디지털 (디지털)', '자막': '청각 장애인을 위한 자막 방송', 'HD 방송 여부': 'HD 제작 · 방송', '외부 링크': '눈이 부시게 홈페이지'}",9.7%,"로맨스, 판타지",JTBC,"매주 월, 화 밤 9:30"
아이템,https://ko.wikipedia.org/wiki/%EC%95%84%EC%9D%B4%ED%85%9C_(%EB%93%9C%EB%9D%BC%EB%A7%88),"{'장르': 'SF, 판타지, 서스펜스', '방송 국가': '대한민국', '방송 채널': 'MBC TV', '방송 기간': '2019년 2월 11일 ~ 2019년 4월 2일', '방송 시간': '매주 월요일 ~ 화요일 밤  10:00 ~ 11:10', '방송 분량': '70분 (1회당 35분)', '방송 횟수': '32부작', '추가 채널': 'MBC 드라마넷', '원작': '민형, 김준석의 카카오페이지 웹툰《아이템》', '기획': '손형석', '프로듀서': '김호준, 김윤진, 김한길, 김재복', '제작사': 'MBC 드라마본부', '연출': '김성욱, 박미연', '각본': '정이도', '출연자': '주지훈, 진세연, 김강우, 김유리, 박원상', '자막': '청각 장애인을 위한 자막 방송', 'HD 방송 여부': 'HD 제작 · 방송', '외부 링크': '아이템 홈페이지'}",4.9%,"SF, 판타지, 서스펜스",MBC TV,매주 월요일 ~ 화요일 밤  10:00 ~ 11:10
해치,https://ko.wikipedia.org/wiki/%ED%95%B4%EC%B9%98_(%EB%93%9C%EB%9D%BC%EB%A7%88),"{'장르': '사극, 미스터리 수사물', '방송 국가': '대한민국', '방송 채널': '', '방송 기간': '2019년 2월 11일 ~ 2019년 4월 30일', '방송 시간': '매주 월, 화 밤  10:00 ~ 11:10', '방송 분량': '70분 (1회당 35분 / 2회 연속 방송)', '방송 횟수': '48부작', '추가 채널': 'SBS 플러스, CNTV', '책임프로듀서': '박영수', '프로듀서': 'SBS 드라마운영팀', '촬영': '박재홍', '제작사': '(주)김종학프로덕션', '제작자': '손기원', '연출': '이용석', '조연출': '한태섭', '작가': '김이영', '출연자': '정일우, 고아라, 권율, 박훈, 이경영, 정문성, 배정화, 한상진 외', '닫는 곡': '정인 - 순애보\n전우성 - 바람이 전하는 이야기', '음성': '2채널 돌비 디지털(디지털)', '자막': '청각 장애인을 위한 자막 방송', 'HD 방송 여부': 'HD 제작 · 방송', '외부 링크': '<해치> 홈페이지'}",8.4%,"사극, 미스터리 수사물",,"매주 월, 화 밤  10:00 ~ 11:10"
로스:타임:라이프 - 더 라스트 찬스,https://ko.wikipedia.org/w/index.php?title=%EB%A1%9C%EC%8A%A4:%ED%83%80%EC%9E%84:%EB%9D%BC%EC%9D%B4%ED%94%84_-_%EB%8D%94_%EB%9D%BC%EC%8A%A4%ED%8A%B8_%EC%B0%AC%EC%8A%A4&action=edit&redlink=1,,,,,
"신비아파트 외전: 기억, 하리 2","https://ko.wikipedia.org/wiki/%EC%8B%A0%EB%B9%84%EC%95%84%ED%8C%8C%ED%8A%B8_%EC%99%B8%EC%A0%84:_%EA%B8%B0%EC%96%B5,_%ED%95%98%EB%A6%AC_2","{'장르': 'TV 드라마, 호러, 로맨스', '방송 국가': '대한민국', '방송 채널': '투니버스, 대교어린이TV', '방송 기간': '2019년 2월 15일 ~ 4월 5일', '방송 시간': '금요일 20:00~', '방송 횟수': '8부작', '출연자': '박지예, 현준, 장소정, 정성영 외', '전편': '신비아파트 외전: 기억, 하리'}",,"TV 드라마, 호러, 로맨스","투니버스, 대교어린이TV",금요일 20:00~
열혈사제,https://ko.wikipedia.org/wiki/%EC%97%B4%ED%98%88%EC%82%AC%EC%A0%9C,"{'장르': '경찰, 액션, 블랙 코미디, 서스펜스', '방송 국가': '대한민국', '방송 채널': 'SBS', '방송 기간': '2019년 2월 15일 ~ 2019년 4월 20일', '방송 시간': '매주 금, 토 밤 10:00 ~ 11:10', '방송 분량': '1시간 10분 (1회당 35분 / 2회 연속방송)', '방송 횟수': '40부작', '기획': 'SBS 드라마본부', '제작사': '삼화네트웍스', '제작자': '안재현, 신상윤', '연출': '이명우, 박보람', '각본': '박재범', '출연자': '김남길, 김성균, 이하늬, 고준, 금새록 외', '여는 곡': '정동하 - Fighter (Feat. La.Q)', '닫는 곡': '노라조 - 우리동네 HERO펀치 - Breeze (Feat. 그리(GREE))정동하 - Fighter (Feat. La.Q)오담률 - Paradise (Feat. GA EUN)', 'HD 방송 여부': 'HD 제작 · 방송', '외부 링크': '<열혈사제> 홈페이지'}",22.0%,"경찰, 액션, 블랙 코미디, 서스펜스",SBS,"매주 금, 토 밤 10:00 ~ 11:10"
슬플 때 사랑한다,https://ko.wikipedia.org/wiki/%EC%8A%AC%ED%94%8C_%EB%95%8C_%EC%82%AC%EB%9E%91%ED%95%9C%EB%8B%A4,"{'장르': '드라마, 격정멜로, 막장', '방송 국가': '대한민국', '방송 채널': 'MBC', '방송 기간': '2019년 2월 23일 ~ 2019년 4월 27일', '방송 시간': '매주 토요일 밤 9:05 ~ 11:05', '방송 분량': '120분 (회당 30분 / 4회 연속 방송)', '방송 횟수': '40부작', '원작': '노지마 신지의 드라마《아름다운 사람》', '기획': '김승모', '프로듀서': '곽지훈', '제작사': 'DK E&M, 헬로콘텐츠', '제작자': '김동구, 최진호', '연출': '최이섭, 유범상', '조연출': '최선민, 유지원', '각본': '송정림', '출연자': '지현우, 박한별, 류수영, 왕빛나 외', '여는 곡': '듀에토 - 남몰래 흘리는 눈물(inst.)', 'HD 방송 여부': 'HD 제작 · 방송', '외부 링크': '슬플 때 사랑한다 홈페이지'}",13.0%,"드라마, 격정멜로, 막장",MBC,매주 토요일 밤 9:05 ~ 11:05
빅이슈,https://ko.wikipedia.org/wiki/%EB%B9%85%EC%9D%B4%EC%8A%88_(2019%EB%85%84_%EB%93%9C%EB%9D%BC%EB%A7%88),"{'방송 국가': '대한민국', '방송 채널': 'SBS', '방송 기간': '2019년 3월 6일 ~ 2019년 5월 2일', '방송 시간': '매주 수, 목 밤 10:00 ~ 11:10', '방송 분량': '70분 (1회당 35분)', '방송 횟수': '32부작', '기획': 'SBS 드라마본부', '제작사': 'HB엔터테인먼트', '제작자': '문보미', '연출': '이동훈, 박수진', '각본': '장혁린', '출연자': '주진모, 한예슬, 김희원, 신소율 외', '자막': '청각 장애인을 위한 자막 방송', 'HD 방송 여부': 'HD 제작 · 방송', '외부 링크': '<빅이슈> 홈페이지'}",4.8%,,SBS,"매주 수, 목 밤 10:00 ~ 11:10"
빙의,https://ko.wikipedia.org/wiki/%EB%B9%99%EC%9D%98_(%EB%93%9C%EB%9D%BC%EB%A7%88),"{'장르': '드라마', '방송 국가': '대한민국', '방송 채널': 'OCN', '방송 기간': '2019년 3월 6일 ~ 2019년 4월 25일', '방송 시간': '매주 수요일, 목요일 밤 11시', '방송 횟수': '16부작', '기획': '스튜디오드래곤', '책임프로듀서': '김건홍', '편집': '최연주', '제작사': '데이드림엔터테인먼트', '제작자': '송정우', '연출': '최도훈', '각본': '박희강', '출연자': '송새벽, 고준희, 연정훈, 조한선 외', '음악': '하근영', '언어': '한국어', '음성': '2채널 돌비 디지털', 'HD 방송 여부': 'HD 제작 · 방송', '외부 링크': '빙의 홈페이지'}",2.6%,드라마,OCN,"매주 수요일, 목요일 밤 11시"
사이코메트리 그녀석,https://ko.wikipedia.org/wiki/%EC%82%AC%EC%9D%B4%EC%BD%94%EB%A9%94%ED%8A%B8%EB%A6%AC_%EA%B7%B8%EB%85%80%EC%84%9D,"{'장르': '드라마', '방송 국가': '대한민국', '방송 채널': 'tvN', '방송 기간': '2019년 3월 11일 ~ 2019년 4월 30일', '방송 횟수': '16부작', '기획': '스튜디오 드래곤', '제작사': '제이에스픽쳐스', '연출': '김병수, 오승열', '각본': '양진아', '출연자': '박진영, 신예은, 김권, 김다솜 외', '자막': '청각 장애인을 위한 자막 방송', 'HD 방송 여부': 'HD 제작 · 방송', '외부 링크': '사이코메트리 그녀석 홈페이지'}",2.8%,드라마,tvN,
닥터 프리즈너,https://ko.wikipedia.org/wiki/%EB%8B%A5%ED%84%B0_%ED%94%84%EB%A6%AC%EC%A6%88%EB%84%88,"{'장르': '범죄, 메디컬, 서스펜스', '방송 국가': '대한민국', '방송 채널': 'KBS 2TV', '방송 기간': '2019년 3월 20일 ~ 2019년 5월 15일', '방송 시간': '매주 수요일, 목요일 밤 10시 ~ 11시 10분', '방송 분량': '1시간 10분 (1회당 35분)', '방송 횟수': '32부작', '추가 채널': 'KBS 드라마, 드라맥스, KBS 월드, KBS W', '기획': '강병택 (KBS 드라마본부)', '책임프로듀서': '황의경 (KBS 드라마운영팀)', '프로듀서': '강민경, 김해정', '제작사': '주식회사 지담, 주식회사 엔케이물산', '제작자': '안형조, 남궁견', '연출': '황인혁, 송민엽', '각본': '박계옥', '출연자': '남궁민, 권나라, 김병철, 최원영,박은석, 이다인, 김정난, 장현성 외', '음악': '박세준', 'HD 방송 여부': 'HD 제작 · 방송', '외부 링크': '닥터 프리즈너 홈페이지'}",15.8%,"범죄, 메디컬, 서스펜스",KBS 2TV,"매주 수요일, 목요일 밤 10시 ~ 11시 10분"
세상에서 제일 예쁜 내 딸,https://ko.wikipedia.org/wiki/%EC%84%B8%EC%83%81%EC%97%90%EC%84%9C_%EC%A0%9C%EC%9D%BC_%EC%98%88%EC%81%9C_%EB%82%B4_%EB%94%B8,"{'방송 국가': '대한민국', '방송 채널': 'KBS 2TV', '방송 기간': '2019년 3월 23일 ~ 2019년 9월 22일', '방송 시간': '매주 주말 저녁 7시 55분 ~ 밤 9시 15분', '방송 분량': '1시간 20분', '방송 횟수': '108부작', '추가 채널': 'KBS 드라마', '기획': 'KBS', '책임프로듀서': '이건준 (KBS 드라마운영팀)', '프로듀서': '이재훈, 이승범', '촬영': '박성, 김경호', '제작사': '지앤지프로덕션, 미디어그룹 테이크투', '제작자': '오성민, 곽홍석, 최혁진', '연출': '김종창', '조연출': '이민수, 이해우, 곽정후, 제은빈', '각본': '조정선', '출연자': '김해숙, 김소연, 홍종현, 유선 외', '여는 곡': '주현미 - 야래향', '닫는 곡': '친자매 - Hello', '음성': '2채널 돌비 디지털(디지털)', '자막': '청각 장애인들을 위한 자막방송', 'HD 방송 여부': 'HD 제작 · 방송', '외부 링크': '세상에서 제일 예쁜 내 딸 홈페이지'}",35.9%,,KBS 2TV,매주 주말 저녁 7시 55분 ~ 밤 9시 15분
자백,https://ko.wikipedia.org/wiki/%EC%9E%90%EB%B0%B1_(%EB%93%9C%EB%9D%BC%EB%A7%88),"{'장르': '드라마', '방송 국가': '대한민국', '방송 채널': 'tvN', '방송 기간': '2019년 3월 23일 ~ 2019년 5월 12일', '방송 횟수': '16부작', '기획': '스튜디오드래곤', '제작사': '에이스팩토리', '제작자': '민현일', '연출': '김철규, 윤현기', '각본': '임희철', '출연자': '이준호, 유재명, 신현빈, 남기애 외', 'HD 방송 여부': 'HD 제작 · 방송', '외부 링크': '자백 홈페이지'}",6.3%,드라마,tvN,
킬잇,https://ko.wikipedia.org/wiki/%ED%82%AC%EC%9E%87,"{'장르': '범죄, 액션', '방송 국가': '대한민국', '방송 채널': 'OCN', '방송 기간': '2019년 3월 23일 ~ 2019년 4월 28일', '방송 시간': '토요일, 일요일 밤 10시 20분', '방송 횟수': '12부작', '기획': 'OCN, 스튜디오드래곤', '제작사': '크레이브웍스', '연출': '남성우, 안지숙', '각본': '손현수, 최명진', '출연자': '장기용, 나나 외', '언어': '한국어', '음성': '2채널 돌비 디지털', 'HD 방송 여부': 'HD 제작 · 방송', '외부 링크': '킬잇 홈페이지'}",2.8%,"범죄, 액션",OCN,"토요일, 일요일 밤 10시 20분"
으라차차 와이키키 2,https://ko.wikipedia.org/wiki/%EC%9C%BC%EB%9D%BC%EC%B0%A8%EC%B0%A8_%EC%99%80%EC%9D%B4%ED%82%A4%ED%82%A4_2,"{'장르': '드라마', '방송 국가': '대한민국', '방송 채널': 'JTBC', '방송 기간': '2019년 3월 25일 ~ 2019년 5월 14일', '방송 시간': '매주 월요일, 화요일 밤 9시 30분', '방송 분량': '70분', '방송 횟수': '16부작', '기획': 'JTBC', '제작사': '씨제스프로덕션, 드라마하우스', '제작자': '백창주, 박진형, 박준서', '연출': '이창민', '각본': '김기호, 송지은, 송미소, 서동범', '출연자': '김선호, 이이경, 신현수, 문가영, 안소희, 김예원 외', '음성': '2채널 돌비 디지털 (디지털)', '자막': '청각 장애인을 위한 자막 방송', 'HD 방송 여부': 'HD 제작 · 방송', '전편': '으라차차 와이키키', '외부 링크': '으라차차 와이키키 2 홈페이지'}",2.1%,드라마,JTBC,"매주 월요일, 화요일 밤 9시 30분"
더 뱅커,https://ko.wikipedia.org/wiki/%EB%8D%94_%EB%B1%85%EC%BB%A4,"{'장르': '경제, 비즈니스', '방송 국가': '대한민국', '방송 채널': 'MBC TV', '방송 기간': '2019년 3월 27일 ~ 2019년 5월 16일', '방송 시간': '매주 수, 목 밤 10시 ~ 11시 10분', '방송 분량': '70분 (1회당 35분)', '방송 횟수': '32부작', '원작': '슈 료카의 일본 만화《감사역 노자키》', '기획': '박재범 (MBC 드라마운영팀)', '프로듀서': '윤영조, 정구영', '제작사': 'MBC 드라마본부래몽래인', '제작자': '김동래', '연출': '이재진', '각본': '서은정, 오혜란, 배상욱', '출연자': '김상중, 채시라, 유동근, 김태우 외', '음성': '2채널 돌비 디지털 (디지털)', '자막': '청각 장애인을 위한 자막 방송', 'HD 방송 여부': 'HD 제작 · 방송', '외부 링크': '더 뱅커 홈페이지'}",7.0%,"경제, 비즈니스",MBC TV,"매주 수, 목 밤 10시 ~ 11시 10분"
국민 여러분!,https://ko.wikipedia.org/wiki/%EA%B5%AD%EB%AF%BC_%EC%97%AC%EB%9F%AC%EB%B6%84!,"{'장르': '범죄, 코미디', '방송 국가': '대한민국', '방송 채널': 'KBS 2TV', '방송 기간': '2019년 4월 1일 ~ 2019년 5월 28일', '방송 시간': '매주 월요일, 화요일 밤 10시 ~ 11시 10분', '방송 분량': '1시간 10분 (1회당 35분 / 2회 연속방송)', '방송 횟수': '36부작', '추가 채널': 'KBS 드라마, 드라마 H', '기획': '강병택 (KBS 드라마본부)', '책임프로듀서': '이건준, 노상훈 (KBS 드라마운영팀)', '제작사': '몬스터유니온, 원콘텐츠', '연출': '김정현', '각본': '한정훈', '출연자': '최시원, 이유영, 김민정, 태인호, 김의성 외', 'HD 방송 여부': 'HD 제작 · 방송', '외부 링크': '국민 여러분 홈페이지'}",8.4%,"범죄, 코미디",KBS 2TV,"매주 월요일, 화요일 밤 10시 ~ 11시 10분"
너를 싫어하는 방법,https://ko.wikipedia.org,,,,,
아름다운 세상,https://ko.wikipedia.org/wiki/%EC%95%84%EB%A6%84%EB%8B%A4%EC%9A%B4_%EC%84%B8%EC%83%81_(%EB%93%9C%EB%9D%BC%EB%A7%88),"{'장르': '드라마', '방송 국가': '대한민국', '방송 채널': 'JTBC', '방송 기간': '2019년 4월 5일 ~ 2019년 5월 25일', '방송 시간': '매주 금요일, 토요일 밤 11시', '방송 횟수': '16부작', '기획': 'JTBC', '책임프로듀서': '함영훈', '프로듀서': '김다예, 김경태', '제작사': 'MI, 엔 케이 물산', '제작자': '이정희, 남궁견', '연출': '박찬홍', '각본': '김지우', '출연자': '추자현, 박희순, 오만석, 조여정 외', 'HD 방송 여부': 'HD 제작 · 방송', '외부 링크': '아름다운 세상 홈페이지'}",5.8%,드라마,JTBC,"매주 금요일, 토요일 밤 11시"
특별근로감독관 조장풍,https://ko.wikipedia.org/wiki/%ED%8A%B9%EB%B3%84%EA%B7%BC%EB%A1%9C%EA%B0%90%EB%8F%85%EA%B4%80_%EC%A1%B0%EC%9E%A5%ED%92%8D,"{'장르': 'SF, 판타지, 서스펜스', '방송 국가': '대한민국', '방송 채널': 'MBC TV', '방송 기간': '2019년 4월 8일 ~ 2019년 5월 28일', '방송 시간': '매주 월, 화 밤 10:00 ~ 11:10', '방송 분량': '70분 (1회당 35분)', '방송 횟수': '32부작', '추가 채널': 'MBC 드라마넷,스카이 드라마, MBC 에브리원', '기획': '강대선', '프로듀서': '홍석우', '제작사': '실크우드, 헬로콘텐츠', '제작자': '김승조, 최진호', '연출': '박원국', '각본': '김반디', '출연자': '김동욱, 김경남, 류덕환, 박세영 외', '음악': '문성남', '자막': '청각 장애인을 위한 자막 방송', 'HD 방송 여부': 'HD 제작 · 방송', '외부 링크': '특별근로감독관 조장풍 홈페이지'}",8.7%,"SF, 판타지, 서스펜스",MBC TV,"매주 월, 화 밤 10:00 ~ 11:10"
회사 가기 싫어,https://ko.wikipedia.org/wiki/%ED%9A%8C%EC%82%AC_%EA%B0%80%EA%B8%B0_%EC%8B%AB%EC%96%B4,"{'장르': '드라마', '방송 국가': '대한민국', '방송 채널': 'KBS 2TV', '방송 기간': '2018년 9월 12일 ~ 2018년 10월 24일, 2019년 4월 9일~ 2019년 7월 2일', '방송 시간': '매주 화요일 밤 11:10 ~ 12:15', '방송 분량': '65분', '방송 횟수': '12부작', '제작사': '몬스터 유니온', '출연자': '김동완, 한수연, 소주연, 김관수 외', '자막': '청각 장애인을 위한 자막 방송', 'HD 방송 여부': 'HD 제작 · 방송', '외부 링크': 'KBS 회사 가기 싫어 홈페이지'}",,드라마,KBS 2TV,매주 화요일 밤 11:10 ~ 12:15
그녀의 사생활,https://ko.wikipedia.org/wiki/%EA%B7%B8%EB%85%80%EC%9D%98_%EC%82%AC%EC%83%9D%ED%99%9C,"{'장르': '드라마', '방송 국가': '대한민국', '방송 채널': 'tvN', '방송 기간': '2019년 4월 10일 ~ 2019년 5월 30일', '방송 시간': '매주 수요일 목요일 밤 9시 30분', '방송 분량': '60분', '방송 횟수': '16부작', '원작': '김성연의 소설《누나팬닷컴》동일원작 웹툰《누나팬닷컴-그녀의 사생활》[1]', '기획': '최진희', '제작사': '본팩토리, 스튜디오드래곤', '연출': '홍종찬, 장양호, 김혜숙', '극본': '김혜영', '출연자': '박민영, 김재욱 외', '여는 곡': '(여자)아이들-Help Me', 'HD 방송 여부': 'HD 제작 ㆍ 방송', '외부 링크': '그녀의 사생활 홈페이지'}",3.1%,드라마,tvN,매주 수요일 목요일 밤 9시 30분
녹두꽃,https://ko.wikipedia.org/wiki/%EB%85%B9%EB%91%90%EA%BD%83_(%EB%93%9C%EB%9D%BC%EB%A7%88),"{'장르': '사극', '방송 국가': '대한민국', '방송 채널': 'SBS', '방송 기간': '2019년 4월 26일 ~ 2019년 7월 13일', '방송 시간': '매주 금, 토 밤 10:00 ~ 11:10', '방송 분량': '1시간 10분(1회당 35분 / 2회 연속방송)', '방송 횟수': '48부작', '추가 채널': 'SBS 플러스, 스카이 드라마, CNTV', '기획': '박영수 (SBS 드라마본부)', '프로듀서': '이영준', '제작사': '씨제스엔터테인먼트', '제작자': '백창주, 박진형', '연출': '신경수, 김승호', '각본': '정현민', '출연자': '조정석, 윤시윤, 한예리, 최무성 외', '여는 곡': '포레스텔라 - 새야새야 파랑새야', '닫는 곡': '포레스텔라 - 새야새야 파랑새야영준 - 너라서이종한 - 백가의 귀환임도혁 - 그날에', '자막': '청각 장애인을 위한 자막 방송', 'HD 방송 여부': 'HD 제작 · 방송', '외부 링크': '<녹두꽃> 홈페이지'}",,사극,SBS,"매주 금, 토 밤 10:00 ~ 11:10"
여름아 부탁해,https://ko.wikipedia.org/wiki/%EC%97%AC%EB%A6%84%EC%95%84_%EB%B6%80%ED%83%81%ED%95%B4,"{'장르': '드라마', '방송 국가': '대한민국', '방송 채널': 'KBS 1TV (본방송)KBS 2TV (재방송)', '방송 기간': '2019년 4월 29일 ~ 2019년 10월 25일', '방송 시간': '매주 평일 저녁 8:30 ~ 9:00', '방송 분량': '30분', '방송 횟수': '128부작', '책임프로듀서': '전우성', '프로듀서': '구성준', '제작사': 'KBS 드라마본부', '연출': '성준해', '조연출': '이가람', '각본': '구지원, 장민우, 남선혜', '출연자': '이영은, 윤선우, 이채영, 김사권 외', '여는 곡': '여은 - 키다리 나무', '닫는 곡': '여은 - 키다리 나무노지훈 - 아직도 겨울조성모 - 기다린 날도 지워질 날도영지 - 다시 돌아와줘서제이 - 그럴때면KOHD - 한사람을 잃고서지세희 - LOVE IS크리샤츄 - 천일의 사랑한경일 - 그립다 그립다 그립다더 데이지 (The daisy) - 다 괜찮은 척하고리디아 (Lydia) - 미안해요 고마워요 사랑해요김서연 - 다 거짓말이죠코다 브릿지 - 사랑 뭣하러 했을까레니 - 아직 실감이 안나서', '음성': '1,2채널 돌비 디지털(디지털)', '자막': '청각 장애인을 위한 자막 방송', '외부 링크': '여름아 부탁해 홈페이지'}",25.2%,드라마,KBS 1TV (본방송)KBS 2TV (재방송),매주 평일 저녁 8:30 ~ 9:00
이몽,https://ko.wikipedia.org/wiki/%EC%9D%B4%EB%AA%BD_(%EB%93%9C%EB%9D%BC%EB%A7%88),"{'장르': '첩보, 멜로', '방송 국가': '대한민국', '방송 채널': 'MBC', '방송 기간': '2019년 5월 4일 ~ 2019년 7월 13일', '방송 시간': '매주 토요일 밤 9:05 ~ 11:05', '방송 분량': '120분 (회당 30분 / 4회 연속 방송)', '방송 횟수': '40부작', '추가 채널': 'MBC 드라마넷, 채널차이나', '기획': '김승모 (MBC 드라마본부)', '제작사': '이몽스튜디오문화전문회사', '제작자': '고대화', '연출': '윤상호', '각본': '조규원', '출연자': '이요원, 유지태, 임주환, 남규리 외', '자막': '청각 장애인을 위한 자막 방송', 'HD 방송 여부': 'HD 제작 · 방송', '외부 링크': '이몽 홈페이지'}",7.1%,"첩보, 멜로",MBC,매주 토요일 밤 9:05 ~ 11:05
초면에 사랑합니다,https://ko.wikipedia.org/wiki/%EC%B4%88%EB%A9%B4%EC%97%90_%EC%82%AC%EB%9E%91%ED%95%A9%EB%8B%88%EB%8B%A4,"{'장르': '로맨틱 코미디', '방송 국가': '대한민국', '방송 채널': '', '방송 기간': '2019년 5월 6일 ~ 2019년 6월 25일', '방송 시간': '매주 월, 화 밤 10:00 ~ 11:10', '방송 분량': '70분 (1회당 35분)', '방송 횟수': '32부작', '추가 채널': 'SBS 플러스, 드라맥스', '기획': 'SBS 드라마본부', '제작사': '비욘드제이', '제작자': '정아름', '연출': '이광영', '각본': '김아정', '출연자': '김영광, 진기주, 김재경, 구자성 외', 'HD 방송 여부': 'HD 제작 · 방송', '외부 링크': '<초면에 사랑합니다> 홈페이지'}",4.6%,로맨틱 코미디,,"매주 월, 화 밤 10:00 ~ 11:10"
어비스,https://ko.wikipedia.org/wiki/%EC%96%B4%EB%B9%84%EC%8A%A4_(%EB%93%9C%EB%9D%BC%EB%A7%88),"{'장르': '드라마', '방송 국가': '대한민국', '방송 채널': 'tvN', '방송 기간': '2019년 5월 6일 ~ 2019년 6월 25일', '방송 시간': '매주 월, 화 밤 9시 30분', '방송 횟수': '16부작', '기획': '스튜디오드래곤', '제작사': '네오엔터테인먼트', '제작자': '이향봉, 배익현', '연출': '유제원, 주상규', '각본': '문수연', '출연자': '박보영, 안효섭 외', '닫는 곡': '수란 - Into The Abyss김필 - Fallin김보형 - Stay', '자막': '청각 장애인을 위한 자막 방송', 'HD 방송 여부': 'HD 제작 · 방송', '외부 링크': '어비스 홈페이지'}",3.9%,드라마,tvN,"매주 월, 화 밤 9시 30분"
구해줘 2,https://ko.wikipedia.org/wiki/%EA%B5%AC%ED%95%B4%EC%A4%98_2,"{'장르': '범죄, 스릴러', '방송 국가': '대한민국', '방송 채널': 'OCN', '방송 기간': '2019년 5월 8일 ~ 2019년 6월 27일', '방송 시간': '매주 수요일, 목요일 밤 11시', '방송 횟수': '16부작', '원작': '연상호 감독의 애니메이션《사이비》', '기획': '스튜디오드래곤', '제작사': '히든시퀀스', '제작자': '이재문', '연출': '이권, 이승훈', '각본': '서주연', '출연자': '엄태구, 천호진, 이솜, 김영민 외[1]', '언어': '한국어', '음성': '2채널 돌비 디지털', 'HD 방송 여부': 'HD 제작 · 방송', '전편': '구해줘', '외부 링크': '구해줘 2 홈페이지'}",3.6%,"범죄, 스릴러",OCN,"매주 수요일, 목요일 밤 11시"
보이스 3 - 공범들의 도시,https://ko.wikipedia.org/wiki/%EB%B3%B4%EC%9D%B4%EC%8A%A4_3,"{'장르': '범죄', '방송 국가': '대한민국', '방송 채널': 'OCN', '방송 기간': '2019년 5월 11일 ~ 2019년 6월 30일', '방송 시간': '토요일, 일요일 밤 10시 20분', '방송 분량': '70분', '방송 횟수': '16부작', '기획': '스튜디오 드래곤 (최진희)', '제작사': '키이스트', '제작자': '박성혜', '연출': '남기훈', '각본': '마진원', '출연자': '이하나, 이진욱 외', '언어': '한국어', '음성': '2채널 돌비 디지털', 'HD 방송 여부': 'HD 제작 · 방송', '전편': '보이스 2', '후편': '보이스 4', '외부 링크': '보이스 3 홈페이지'}",,범죄,OCN,"토요일, 일요일 밤 10시 20분"
절대 그이,https://ko.wikipedia.org/wiki/%EC%A0%88%EB%8C%80_%EA%B7%B8%EC%9D%B4_(%EB%93%9C%EB%9D%BC%EB%A7%88),"{'장르': '판타지 로코 드라마', '방송 국가': '대한민국', '방송 채널': 'SBS', '방송 기간': '2019년 5월 15일 ~ 2019년 7월 11일', '방송 시간': '매주 수, 목 밤 10:00 ~ 11:10', '방송 분량': '70분 (1회당 35분)', '방송 횟수': '36부작', '추가 채널': 'SBS 플러스', '원작': '와타세 유우의 만화《절대 그이》', '기획': 'SBS 드라마본부', '책임프로듀서': '홍성창 (SBS 드라마운영팀)', '제작사': '아폴로픽쳐스, iHQ', '제작자': '이미지, 정훈탁', '연출': '정정화', '각본': '양혁문, 장아미', '출연자': '여진구, 방민아, 홍종현, 홍서영 외', '자막': '청각 장애인을 위한 자막 방송', 'HD 방송 여부': 'HD 제작 · 방송', '외부 링크': '<절대 그이> 홈페이지'}",3.5%,판타지 로코 드라마,SBS,"매주 수, 목 밤 10:00 ~ 11:10"
수상한 장모,https://ko.wikipedia.org/wiki/%EC%88%98%EC%83%81%ED%95%9C_%EC%9E%A5%EB%AA%A8,"{'장르': '드라마', '방송 국가': '대한민국', '방송 채널': 'SBS', '방송 기간': '2019년 5월 20일 ~ 2019년 11월 8일', '방송 시간': '매주 평일 아침 8:35 ~ 9:10', '방송 분량': '35분', '방송 횟수': '123부작', '추가 채널': 'SBS 플러스', '기획': '박영수', '프로듀서': '이재형', '제작사': '씨제스 엔터테인먼트', '연출': '이정훈', '조연출': '김규현, 허원빈', '각본': '김인강', '출연자': '김혜선, 신다은, 박진우, 손우혁, 안연홍, 김정현 외', '음성': '2채널 돌비 디지털(디지털)', '자막': '청각 장애인을 위한 자막 방송', 'HD 방송 여부': 'UHD 제작 · 방송', '외부 링크': '수상한 장모 홈페이지'}",7.8%,드라마,SBS,매주 평일 아침 8:35 ~ 9:10
"단, 하나의 사랑","https://ko.wikipedia.org/wiki/%EB%8B%A8,_%ED%95%98%EB%82%98%EC%9D%98_%EC%82%AC%EB%9E%91","{'장르': '판타지 로코 드라마', '방송 국가': '대한민국', '방송 채널': 'KBS 2TV', '방송 기간': '2019년 5월 22일 ~ 2019년 7월 11일', '방송 시간': '매주 수요일, 목요일 밤 10시 ~ 11시 10분', '방송 분량': '1시간 10분 (1회당 35분 / 2회 연속방송)', '방송 횟수': '32부작', '추가 채널': 'KBS 드라마, 드라마큐브', '기획': 'KBS 드라마본부', '책임프로듀서': '강병택 (KBS 드라마운영팀)', '프로듀서': '권계홍, 진영주, 오유경', '제작사': '빅토리콘텐츠, 몬스터유니온', '제작자': '조윤정, 정해룡', '연출': '이정섭, 유영은', '각본': '최윤교', '출연자': '신혜선, 김명수, 이동건, 김보미 외', '자막': '청각 장애인을 위한 자막 방송', 'HD 방송 여부': 'HD 제작 · 방송', '외부 링크': '단, 하나의 사랑 홈페이지'}",9.4%,판타지 로코 드라마,KBS 2TV,"매주 수요일, 목요일 밤 10시 ~ 11시 10분"
봄밤,https://ko.wikipedia.org/wiki/%EB%B4%84%EB%B0%A4,"{'장르': '멜로', '방송 국가': '대한민국', '방송 채널': 'MBC, 넷플릭스', '방송 기간': '2019년 5월 22일 ~ 2019년 7월 11일 MBC 방송  2020년 5월 4일 ~ 2020년 6월 23일 MBC 드라마넷 방송', '방송 시간': '매주 수, 목 밤 8시 55분 ~ 10시 5분  매주 월, 화 밤 10시', '방송 분량': '70분', '방송 횟수': '32부작', '추가 채널': 'MBC 드라마넷, 넷플릭스', '기획': 'MBC 드라마본부', '제작사': '제이에스픽쳐스', '제작자': '이진석', '연출': '안판석', '각본': '김은', '출연자': '한지민, 정해인, 김준한 외', '음성': '2채널 돌비 디지털 (디지털)', '자막': '청각 장애인을 위한 자막 방송', 'HD 방송 여부': 'HD 제작 · 방송', '외부 링크': '봄밤 공식 홈페이지'}",9.5%,멜로,"MBC, 넷플릭스","매주 수, 목 밤 8시 55분 ~ 10시 5분  매주 월, 화 밤 10시"
바람이 분다,https://ko.wikipedia.org/wiki/%EB%B0%94%EB%9E%8C%EC%9D%B4_%EB%B6%84%EB%8B%A4_(2019%EB%85%84_%EB%93%9C%EB%9D%BC%EB%A7%88),"{'장르': '드라마', '방송 국가': '대한민국', '방송 채널': 'JTBC', '방송 기간': '2019년 5월 27일 ~ 2019년 7월 16일', '방송 시간': '매주 월요일, 화요일 밤 9시 30분', '방송 분량': '70분', '방송 횟수': '16부작', '기획': 'JTBC', '책임프로듀서': '김지연', '프로듀서': '김예지', '제작사': '드라마하우스, 소금빛미디어', '제작자': '박준서, 이주경, 이현종', '연출': '정정화, 김보경', '각본': '황주하', '출연자': '감우성, 김하늘, 김성철, 김가은 외', '자막': '청각 장애인을 위한 자막 방송', 'HD 방송 여부': 'HD 제작 · 방송', '외부 링크': '바람이 분다 홈페이지'}",,드라마,JTBC,"매주 월요일, 화요일 밤 9시 30분"
아스달 연대기,https://ko.wikipedia.org/wiki/%EC%95%84%EC%8A%A4%EB%8B%AC_%EC%97%B0%EB%8C%80%EA%B8%B0,"{'장르': '판타지 사극', '방송 국가': '대한민국', '방송 채널': 'tvN', '방송 기간': '2019년 6월 1일 ~ 2019년 7월 7일(시즌1)2019년 9월 7일 ~ 2019년 9월 22일 (시즌2)2021년  (시즌3)', '방송 시간': '매주 토요일, 일요일 밤 9시 ~ 10시 55분', '방송 분량': '70분', '방송 횟수': '18부작', '기획': '최진희', '제작사': '스튜디오 드래곤, KPJ', '연출': '김원석', '각본': '김영현, 박상연', '출연자': '장동건, 송중기, 김지원, 김옥빈 외', 'HD 방송 여부': 'HD 제작 · 방송', '외부 링크': '아스달 연대기 홈페이지'}",7.7%,판타지 사극,tvN,"매주 토요일, 일요일 밤 9시 ~ 10시 55분"
퍼퓸,https://ko.wikipedia.org/wiki/%ED%8D%BC%ED%93%B8_(%EB%93%9C%EB%9D%BC%EB%A7%88),"{'장르': '판타지, 로맨스, 멜로', '방송 국가': '대한민국', '방송 채널': 'KBS 2TV', '방송 기간': '2019년 6월 3일 ~ 2019년 7월 23일', '방송 시간': '매주 월요일, 화요일 밤 10:00 ~ 11:10', '방송 분량': '1시간 10분 (1회당 35분 / 2회 연속방송)', '방송 횟수': '32부작', '기획': 'KBS 드라마본부', '책임프로듀서': '강병택 (KBS 드라마운영팀)', '프로듀서': '이대경', '제작사': '호가엔터테인먼트, 씨그널픽쳐스', '제작자': '권용한, 김정아', '연출': '김상휘, 유관모', '조연출': '박흥진, 고병철, 김연주', '각본': '최현옥', '출연자': '신성록, 고원희, 하재숙, 차예련, 김민규 외', '자막': '청각 장애인을 위한 자막 방송', 'HD 방송 여부': 'HD 제작 · 방송', '외부 링크': '퍼퓸 홈페이지'}",7.2%,"판타지, 로맨스, 멜로",KBS 2TV,"매주 월요일, 화요일 밤 10:00 ~ 11:10"
태양의 계절,https://ko.wikipedia.org/wiki/%ED%83%9C%EC%96%91%EC%9D%98_%EA%B3%84%EC%A0%88_(%EB%93%9C%EB%9D%BC%EB%A7%88),"{'장르': '드라마', '방송 국가': '대한민국', '방송 채널': 'KBS 2TV', '방송 기간': '2019년 6월 3일 ~ 2019년 11월 1일', '방송 시간': '매주 평일 저녁 7:50 ~ 8:30 (본방송)매주 목요일 낮 12:10 ~ 오후 1:50 (재방송)', '방송 분량': '40분', '방송 횟수': '102부작', '추가 채널': 'KBS 드라마, KBS W, KBS 월드', '기획': 'KBS 드라마본부', '책임프로듀서': '문준하 (KBS 드라마운영팀)', '프로듀서': '홍은미', '제작사': '삼화네트웍스', '제작자': '안제현, 신상윤', '연출': '김원용', '조연출': '김경진, 김영진', '각본': '이은주', '출연자': '오창석, 윤소이, 최성재, 하시은 외', '닫는 곡': '스티비 원더 - A Place In the Sun전상근 - 전하지 못할 말', '음성': '2채널 돌비 디지털(디지털)', '자막': '청각 장애인을 위한 자막 방송', '외부 링크': '태양의 계절 홈페이지'}",17.3%,드라마,KBS 2TV,매주 평일 저녁 7:50 ~ 8:30 (본방송)매주 목요일 낮 12:10 ~ 오후 1:50 (재방송)
검법남녀 2,https://ko.wikipedia.org/wiki/%EA%B2%80%EB%B2%95%EB%82%A8%EB%85%80_2,"{'장르': '범죄, 의학, 서스펜스', '방송 국가': '대한민국', '방송 채널': 'MBC TV', '방송 기간': '2019년 6월 3일 ~ 2019년 7월 29일', '방송 시간': '매주 월, 화 밤 8:55 ~ 10:05', '방송 분량': '70분 (1회당 35분)', '방송 횟수': '32부작', '추가 채널': 'MBC 드라마넷, 드라마 H', '기획': '손형석 (MBC 드라마본부)', '제작사': 'HB엔터테인먼트', '제작자': '문보미', '연출': '노도철, 한진선', '조연출': '김지훈, 천수진, 장길영', '각본': '민지은, 조원기', '출연자': '정재영, 정유미, 오만석, 노민우,강승현 외', '닫는 곡': ""JK 김동욱 - Truth (Eng. Ver.)\n김용진 - Back on me\n노민우 - Dr.K (닥터K)\nI'll (아일) - POISON"", '자막': '청각 장애인을 위한 자막 방송', 'HD 방송 여부': 'HD 제작 · 방송', '전편': '검법남녀', '후편': '검법남녀3', '외부 링크': '검법남녀 2 홈페이지'}",9.9%,"범죄, 의학, 서스펜스",MBC TV,"매주 월, 화 밤 8:55 ~ 10:05"
검색어를 입력하세요 WWW,https://ko.wikipedia.org/wiki/%EA%B2%80%EC%83%89%EC%96%B4%EB%A5%BC_%EC%9E%85%EB%A0%A5%ED%95%98%EC%84%B8%EC%9A%94_WWW,"{'장르': '드라마', '방송 국가': '대한민국', '방송 채널': 'tvN', '방송 기간': '2019년 6월 5일 ~ 2019년 7월 25일', '방송 시간': '매주 수요일, 목요일 밤 9시 30분', '방송 횟수': '16부작', '기획': '스튜디오드래곤', '제작사': '화앤담픽쳐스', '제작자': '윤하림', '연출': '정지현, 권영일', '각본': '권도은', '출연자': '임수정, 이다희, 전혜진, 장기용 외', '자막': '청각 장애인을 위한 자막 방송', 'HD 방송 여부': 'HD 제작 · 방송', '외부 링크': '검색어를 입력하세요: WWW 홈페이지'}",4.2%,드라마,tvN,"매주 수요일, 목요일 밤 9시 30분"
조선생존기,https://ko.wikipedia.org/wiki/%EC%A1%B0%EC%84%A0%EC%83%9D%EC%A1%B4%EA%B8%B0,"{'장르': '판타지, 사극', '방송 국가': '대한민국', '방송 채널': 'TV CHOSUN', '방송 기간': '2019년 6월 8일 ~ 2019년 8월 17일', '방송 시간': '매주 토요일, 일요일 밤 10시 50분', '방송 횟수': '16부작', '프로듀서': '박경리', '촬영': '한대웅', '제작사': '화이브라더스코리아, 롯데컬처웍스, HIGROUND', '연출': '장용우', '각본': '박민우', '출연자': '서지석, 경수진 외', '자막': '청각 장애인을 위한 자막 방송', 'HD 방송 여부': 'HD 제작 · 방송', '외부 링크': '조선생존기 홈페이지'}",1.7%,"판타지, 사극",TV CHOSUN,"매주 토요일, 일요일 밤 10시 50분"
보좌관,https://ko.wikipedia.org/wiki/%EB%B3%B4%EC%A2%8C%EA%B4%80,{},5.3%,,,
"60일, 지정생존자","https://ko.wikipedia.org/wiki/60%EC%9D%BC,_%EC%A7%80%EC%A0%95%EC%83%9D%EC%A1%B4%EC%9E%90","{'장르': '범죄, 서스펜스, 법률, 정치', '방송 국가': '대한민국', '방송 채널': 'tvN', '방송 기간': '2019년 7월 1일 ~ 2019년 8월 20일', '방송 시간': '매주 월, 화 밤 9시 30분', '방송 횟수': '16부작', '원작': '미국 드라마 《지정생존자》', '기획': '스튜디오드래곤', '제작사': 'DK E&M', '제작자': '김동구', '연출': '유종선', '각본': '김태희', '출연자': '지진희, 허준호, 강한나, 이준혁, 배종옥 외', '자막': '청각 장애인을 위한 자막 방송', 'HD 방송 여부': 'HD 제작 · 방송', '외부 링크': '60일, 지정생존자 홈페이지'}",6.2%,"범죄, 서스펜스, 법률, 정치",tvN,"매주 월, 화 밤 9시 30분"
평일 오후 세시의 연인,https://ko.wikipedia.org/wiki/%ED%8F%89%EC%9D%BC_%EC%98%A4%ED%9B%84_%EC%84%B8%EC%8B%9C%EC%9D%98_%EC%97%B0%EC%9D%B8,"{'방송 국가': '대한민국', '방송 채널': '채널A', '방송 기간': '2019년 7월 5일 ~ 2019년 8월 24일', '방송 시간': '매주 금요일, 토요일 밤 11시 ~ 12시 10분', '방송 분량': '1시간 10분', '방송 횟수': '16부작', '원작': '일본의 드라마,《메꽃~평일 오후 3시의 연인들~》', '제작사': '팬엔터테인먼트', '제작자': '김희열', '연출': '김정민, 민정아', '각본': '유소정', '출연자': '박하선, 예지원, 이상엽, 조동혁 외', 'HD 방송 여부': 'HD 제작 · 방송', '외부 링크': '평일 오후 세시의 연인 홈페이지'}",2.1%,,채널A,"매주 금요일, 토요일 밤 11시 ~ 12시 10분"
왓쳐,https://ko.wikipedia.org/wiki/%EC%99%93%EC%B3%90_(%EB%93%9C%EB%9D%BC%EB%A7%88),"{'장르': '심리 스릴러', '방송 국가': '대한민국', '방송 채널': 'OCN', '방송 기간': '2019년 7월 6일 ~ 2019년 8월 25일', '방송 시간': '토요일, 일요일 밤 10시 20분', '방송 분량': '70분', '방송 횟수': '16부작', '기획': '최진희', '제작사': '스튜디오드래곤', '제작자': '김영규', '연출': '안길호', '각본': '한상운', '출연자': '한석규, 서강준, 김현주 외', '언어': '한국어', '음성': '2채널 돌비 디지털', 'HD 방송 여부': 'HD 제작 · 방송', '외부 링크': '왓쳐 홈페이지'}",6.6%,심리 스릴러,OCN,"토요일, 일요일 밤 10시 20분"
레벨업,https://ko.wikipedia.org/wiki/%EB%A0%88%EB%B2%A8%EC%97%85_(%EB%93%9C%EB%9D%BC%EB%A7%88),"{'방송 국가': '대한민국', '방송 채널': '드라맥스, MBN', '방송 기간': '2019년 7월 10일 ~ 2019년 8월 15일', '방송 시간': '매주 수요일 목요일 밤 11시', '방송 분량': '60분', '방송 횟수': '12부작', '기획': '드라맥스, MBN', '제작사': 'iHQ, 어뉴', '제작자': '정훈탁, 김상영, 강민규', '연출': '김상우', '각본': '김동규', '출연자': '성훈, 한보름, 차선우, 강별, 데니 안 외', '언어': '한국어', '음성': '2채널 돌비 디지털', 'HD 방송 여부': 'HD 제작 · 방송'}",1.4%,,"드라맥스, MBN",매주 수요일 목요일 밤 11시
호텔 델루나,https://ko.wikipedia.org/wiki/%ED%98%B8%ED%85%94_%EB%8D%B8%EB%A3%A8%EB%82%98,"{'장르': '드라마, 판타지, 호러, 로맨스', '방송 국가': '대한민국', '방송 채널': 'tvN', '방송 기간': '2019년 7월 13일~2019년 9월 1일', '방송 시간': '매주 토, 일 밤 9시 10분~10시 40분', '방송 횟수': '16부작', '추가 채널': 'UXN', '기획': '스튜디오드래곤', '제작사': '(주)지티스트', '제작자': '이동규', '연출': '오충환, 김정현', '각본': '홍정은, 홍미란', '출연자': '아이유, 여진구 외', '자막': '청각 장애인을 위한 자막 방송', 'HD 방송 여부': 'HD 제작 · 방송', '외부 링크': '호텔 델루나 공식 홈페이지'}",12.0%,"드라마, 판타지, 호러, 로맨스",tvN,"매주 토, 일 밤 9시 10분~10시 40분"
모두 다 쿵따리,https://ko.wikipedia.org/wiki/%EB%AA%A8%EB%91%90_%EB%8B%A4_%EC%BF%B5%EB%94%B0%EB%A6%AC,"{'장르': '드라마', '방송 국가': '대한민국', '방송 채널': 'MBC', '방송 기간': '2019년 7월 16일 ~ 2019년 11월 29일', '방송 시간': '매주 평일 아침 7:50 ~ 8:30', '방송 분량': '40분', '방송 횟수': '99부작', '기획': '장재훈', '프로듀서': '김서곤', '촬영': '최동렬', '제작사': 'MBC C&I', '제작자': '김정호', '연출': '김흥동, 김칠봉', '조연출': '김진형, 이지민, 류승회', '각본': '김지현', '출연자': '박시은, 김호진, 이보희, 강석정, 서혜진 외', '닫는 곡': '임팩트 - 쿵따리 샤바라은서 - 난 아직도리아 - WonderLand', '음성': '2채널 돌비 디지털(디지털)', '자막': '청각 장애인을 위한 자막 방송', 'HD 방송 여부': 'HD 제작 · 방송', '외부 링크': '모두 다 쿵따리 홈페이지'}",,드라마,MBC,매주 평일 아침 7:50 ~ 8:30
신입사관 구해령,https://ko.wikipedia.org/wiki/%EC%8B%A0%EC%9E%85%EC%82%AC%EA%B4%80_%EA%B5%AC%ED%95%B4%EB%A0%B9,"{'장르': '사극, 로맨스, 코미디', '방송 국가': '대한민국', '방송 채널': 'MBC', '방송 기간': '2019년 7월 17일 ~ 2019년 9월 26일', '방송 시간': '매주 수요일, 목요일 저녁 8:55 ~ 밤 10:05', '방송 분량': '1시간 10분 (1회당 35분)', '방송 횟수': '40부작', '기획': '손형석', '제작사': '초록뱀미디어', '제작자': '김상헌', '연출': '강일수, 한현희', '각본': '김호수', '출연자': '신세경, 차은우 외', '음성': '2채널 돌비 디지털 (디지털)', '자막': '청각 장애인을 위한 자막 방송', 'HD 방송 여부': 'UHD 제작 · 방송', '외부 링크': '신입사관 구해령 공식 홈페이지'}",7.3%,"사극, 로맨스, 코미디",MBC,"매주 수요일, 목요일 저녁 8:55 ~ 밤 10:05"
저스티스,https://ko.wikipedia.org/wiki/%EC%A0%80%EC%8A%A4%ED%8B%B0%EC%8A%A4_(%EB%93%9C%EB%9D%BC%EB%A7%88),"{'장르': '정치, 스릴러, 서스펜스', '방송 국가': '대한민국', '방송 채널': 'KBS 2TV', '방송 기간': '2019년 7월 17일 ~ 2019년 9월 5일', '방송 시간': '매주 수요일, 목요일 밤 10:00 ~ 11:10', '방송 분량': '1시간 10분 (1회당 35분 / 2회 연속방송)', '방송 횟수': '32부작', '원작': '장호의 웹소설《저스티스》', '기획': 'KBS 드라마본부', '책임프로듀서': '이건준 (KBS 드라마운영팀)', '제작사': '프로덕션 H, FN 엔터테인먼트', '연출': '조웅, 황승기', '각본': '정찬미', '출연자': '최진혁, 손현주, 나나, 박성훈 외', '자막': '청각 장애인을 위한 자막 방송', 'HD 방송 여부': 'HD 제작 · 방송', '외부 링크': '저스티스 홈페이지'}",,"정치, 스릴러, 서스펜스",KBS 2TV,"매주 수요일, 목요일 밤 10:00 ~ 11:10"
닥터 탐정,https://ko.wikipedia.org/wiki/%EB%8B%A5%ED%84%B0_%ED%83%90%EC%A0%95,"{'장르': '범죄, 수사, 서스펜스', '방송 국가': '대한민국', '방송 채널': 'SBS', '방송 기간': '2019년 7월 17일 ~ 2019년 9월 5일', '방송 시간': '매주 수, 목 밤 10:00 ~ 11:10', '방송 분량': '70분', '방송 횟수': '16부작', '기획': '박영수', '프로듀서': '이광순 서균', '제작사': '더스토리웍스', '제작자': '송경화', '연출': '박준우', '조연출': '김재현 오준혁', '각본': '송윤희', '출연자': '박진희, 봉태규, 이기우 외', '자막': '청각 장애인을 위한 자막 방송', 'HD 방송 여부': 'HD 제작 · 방송', '외부 링크': '닥터 탐정 홈페이지'}",,"범죄, 수사, 서스펜스",SBS,"매주 수, 목 밤 10:00 ~ 11:10"
미스터 기간제,https://ko.wikipedia.org/wiki/%EB%AF%B8%EC%8A%A4%ED%84%B0_%EA%B8%B0%EA%B0%84%EC%A0%9C,"{'장르': '추리, 범죄, 스릴러', '방송 국가': '대한민국', '방송 채널': 'OCN', '방송 기간': '2019년 7월 17일 ~ 2019년 9월 5일', '방송 시간': '매주 수요일, 목요일 밤 11시 ~ 12시 20분', '방송 분량': '60분', '방송 횟수': '16부작', '추가 채널': '채널CGV, 수퍼액션', '기획': '스튜디오드래곤', '책임프로듀서': '장정도', '프로듀서': '박정준', '제작사': '제이에스픽쳐스', '제작자': '이진석', '연출': '성용일, 박지현', '각본': '장홍철', '출연자': '윤균상, 금새록, 이준영, 최유화 외', '여는 곡': '백은우 - Main Title', '닫는 곡': '염따 - Win오디 (ODEE), QM - 난 놈백은우 - 그들의 비밀', '언어': '한국어', '음성': '2채널 돌비 디지털', 'HD 방송 여부': 'HD 제작 · 방송', '외부 링크': '미스터 기간제 홈페이지'}",4.8%,"추리, 범죄, 스릴러",OCN,"매주 수요일, 목요일 밤 11시 ~ 12시 20분"
의사요한,https://ko.wikipedia.org/wiki/%EC%9D%98%EC%82%AC%EC%9A%94%ED%95%9C,"{'장르': '휴먼, 메디컬', '방송 국가': '대한민국', '방송 채널': 'SBS', '방송 기간': '2019년 7월 19일 ~ 2019년 9월 7일', '방송 시간': '매주 금요일, 토요일 밤 10:00 ~ 11:10', '방송 분량': '1시간 10분 (1부 40분, 2부 30분)', '방송 횟수': '16부작', '기획': 'SBS 드라마본부', '프로듀서': 'SBS 드라마운영팀', '제작사': 'KPJ', '제작자': '장진욱', '연출': '조수원, 김영환, 이계준', '각본': '김지운', '출연자': '지성, 이세영, 이규형, 황희 외', '자막': '청각 장애인을 위한 자막 방송', 'HD 방송 여부': 'HD 제작 · 방송', '외부 링크': '의사요한 공식 홈페이지'}",12.3%,"휴먼, 메디컬",SBS,"매주 금요일, 토요일 밤 10:00 ~ 11:10"
황금정원,https://ko.wikipedia.org/wiki/%ED%99%A9%EA%B8%88%EC%A0%95%EC%9B%90,"{'방송 국가': '대한민국', '방송 채널': 'MBC', '방송 기간': '2019년 7월 20일 ~ 2019년 10월 26일', '방송 시간': '매주 토요일 밤 9:05 ~ 11:05', '방송 분량': '120분 (1회당 30분 / 4회 연속 방송)', '방송 횟수': '60부작', '추가 채널': 'MBC 드라마넷', '기획': '김승모', '제작사': '김종학프로덕션', '연출': '이대영, 이동현', '조연출': '오다영, 이한솔, 이진수', '각본': '박현주', '출연자': '한지혜, 이상우, 오지은, 이태성 외', '닫는 곡': '이예준 - AWAY\n나비 - 이대로 늘 그렇게\n테이 - 나의 그대', '자막': '청각 장애인을 위한 자막 방송', 'HD 방송 여부': 'UHD 제작 · 방송', '외부 링크': '황금정원 홈페이지'}",10.4%,,MBC,매주 토요일 밤 9:05 ~ 11:05
열여덟의 순간,https://ko.wikipedia.org/wiki/%EC%97%B4%EC%97%AC%EB%8D%9F%EC%9D%98_%EC%88%9C%EA%B0%84,"{'장르': '드라마', '방송 국가': '대한민국', '방송 채널': 'JTBC', '방송 기간': '2019년 7월 22일 ~ 2019년 9월 10일', '방송 시간': '매주 월요일, 화요일 밤 9시 30분', '방송 분량': '70분', '방송 횟수': '16부작', '기획': 'JTBC', '책임프로듀서': '오환민', '제작사': '드라마하우스, 키이스트', '제작자': '박준서, 박성혜', '연출': '심나연', '각본': '윤경아', '출연자': '옹성우, 김향기, 신승호, 강기영 외', '자막': '청각 장애인을 위한 자막 방송', 'HD 방송 여부': 'HD 제작 · 방송', '외부 링크': '열여덟의 순간 홈페이지'}",3.9%,드라마,JTBC,"매주 월요일, 화요일 밤 9시 30분"
에이틴 / 에이틴 시즌 2,https://ko.wikipedia.org/wiki/%EC%97%90%EC%9D%B4%ED%8B%B4_(%EB%93%9C%EB%9D%BC%EB%A7%88),"{'장르': '웹드라마', '방송 국가': '대한민국', '방송 채널': 'V LIVE, 네이버TV, 유튜브, 페이스북', '방송 기간': '2018년 7월 1일 ~ 2018년 9월 16일', '방송 시간': '매주 수요일, 일요일 저녁 7:00', '방송 횟수': '24부작', '프로듀서': '송주성', '제작사': '플레이리스트', '연출': '한수지', '작가': '김사라', '후편': '에이틴 시즌2', '외부 링크': '에이틴 - V LIVE'}",,웹드라마,"V LIVE, 네이버TV, 유튜브, 페이스북","매주 수요일, 일요일 저녁 7:00"
악마가 너의 이름을 부를 때,https://ko.wikipedia.org/wiki/%EC%95%85%EB%A7%88%EA%B0%80_%EB%84%88%EC%9D%98_%EC%9D%B4%EB%A6%84%EC%9D%84_%EB%B6%80%EB%A5%BC_%EB%95%8C,"{'장르': '드라마', '방송 국가': '대한민국', '방송 채널': 'tvN', '방송 기간': '2019년 7월 31일 ~ 2019년 9월 19일', '방송 시간': '매주 수요일, 목요일 밤 9시 30분', '방송 횟수': '16부작', '기획': '이명한', '제작사': '이엘라이즈', '제작자': '김선영', '연출': '민진기, 정현남', '각본': '노혜영, 고내리', '출연자': '정경호, 박성웅, 이설, 이엘 외', '자막': '청각 장애인을 위한 자막 방송', 'HD 방송 여부': 'HD 제작 · 방송', '외부 링크': '악마가 너의 이름을 부를 때 홈페이지'}",3.1%,드라마,tvN,"매주 수요일, 목요일 밤 9시 30분"
엑스가리온,https://ko.wikipedia.org/wiki/%EC%97%91%EC%8A%A4%EA%B0%80%EB%A6%AC%EC%98%A8,,,,,
인서울 - 내가 독립하는 유일한 방법,https://ko.wikipedia.org/wiki/%EC%9D%B8%EC%84%9C%EC%9A%B8_-_%EB%82%B4%EA%B0%80_%EB%8F%85%EB%A6%BD%ED%95%98%EB%8A%94_%EC%9C%A0%EC%9D%BC%ED%95%9C_%EB%B0%A9%EB%B2%95,,,,,
웰컴2라이프,https://ko.wikipedia.org/wiki/%EC%9B%B0%EC%BB%B42%EB%9D%BC%EC%9D%B4%ED%94%84,"{'장르': '법률, 로맨스, 코미디, 수사', '방송 국가': '대한민국', '방송 채널': 'MBC TV', '방송 기간': '2019년 8월 5일 ~ 2019년 9월 24일', '방송 시간': '매주 월, 화 밤 8:55 ~ 10:05', '방송 분량': '70분 (1회당 35분)', '방송 횟수': '32부작', '추가 채널': 'MBC 드라마넷', '기획': '신현창', '편집': '백경화, 홍승희', '제작사': '김종학프로덕션', '제작자': '손기원, 김남표', '연출': '김근홍, 심소연', '조연출': '강학구, 김영재', '각본': '유희경', '출연자': '정지훈, 임지연, 곽시양 외', '음악': '이희승', '자막': '청각 장애인을 위한 자막 방송', 'HD 방송 여부': 'HD 제작 · 방송', '외부 링크': '웰컴2라이프 홈페이지'}",,"법률, 로맨스, 코미디, 수사",MBC TV,"매주 월, 화 밤 8:55 ~ 10:05"
너의 노래를 들려줘,https://ko.wikipedia.org/wiki/%EB%84%88%EC%9D%98_%EB%85%B8%EB%9E%98%EB%A5%BC_%EB%93%A4%EB%A0%A4%EC%A4%98,"{'방송 국가': '대한민국', '방송 채널': 'KBS 2TV', '방송 기간': '2019년 8월 5일 ~ 2019년 9월 24일', '방송 시간': '매주 월요일, 화요일 밤 10:00 ~ 11:10', '방송 분량': '1시간 10분 (1회당 35분 / 2회 연속방송)', '방송 횟수': '32부작', '추가 채널': 'KBS Drama', '원작': '재워드릴게요', '기획': 'KBS 드라마본부', '제작사': 'JP E&M', '제작자': '박희설, 정성택', '연출': '이정미, 최상열', '각본': '김민주', '출연자': '연우진, 김세정, 송재림, 박지연 외', '닫는 곡': '오왠 - 너의 노래를 들려줘\n박지연 - 어느 파란 밤\n김연지 - Cry (feat. SARAH)\n계범주 - 불면증\n송지은 - 눈부신 날\n남주 - 그리운 날엔\n김남주 - Stay with me (Feat.박준호)', '자막': '청각 장애인을 위한 자막 방송', 'HD 방송 여부': 'HD 제작 · 방송', '외부 링크': '너의 노래를 들려줘 홈페이지'}",4.0%,,KBS 2TV,"매주 월요일, 화요일 밤 10:00 ~ 11:10"
17세의 조건,https://ko.wikipedia.org/wiki/17%EC%84%B8%EC%9D%98_%EC%A1%B0%EA%B1%B4,"{'장르': '청춘, 로맨스, 멜로', '방송 국가': '대한민국', '방송 채널': 'SBS', '방송 기간': '2019년 8월 5일 ~ 2019년 8월 6일', '방송 시간': '매주 월, 화 밤 10:00 ~ 11:10', '방송 분량': '70분', '방송 횟수': '2부작', '기획': 'SBS 드라마본부', '프로듀서': 'SBS 드라마운영팀', '제작사': '더스토리웍스', '제작자': '송경화', '연출': '조영민', '조연출': '권다솜', '각본': '류보리', '출연자': '윤찬영, 박시은 외', 'HD 방송 여부': 'HD 제작 · 방송', '외부 링크': '17세의 조건 홈페이지'}",3.0%,"청춘, 로맨스, 멜로",SBS,"매주 월, 화 밤 10:00 ~ 11:10"
멜로가 체질,https://ko.wikipedia.org/wiki/%EB%A9%9C%EB%A1%9C%EA%B0%80_%EC%B2%B4%EC%A7%88,"{'장르': '멜로, 로맨스, 드라마', '방송 국가': '대한민국', '방송 채널': 'JTBC', '방송 기간': '2019년 8월 9일 ~ 2019년 9월 28일', '방송 시간': '매주 금요일, 토요일 밤 10시 50분 ~ 12시 20분', '방송 횟수': '16부작 + 스페셜 1부작', '추가 채널': '드라마 H, JTBC2', '기획': 'JTBC', '책임프로듀서': '함영훈', '제작사': '삼화네트웍스', '제작자': '안제현, 신상윤', '연출': '이병헌, 김혜영', '극본': '이병헌, 김영영', '출연자': '천우희, 전여빈, 한지은, 안재홍, 공명 외', '자막': '청각 장애인을 위한 자막 방송', 'HD 방송 여부': 'HD 제작 · 방송', '외부 링크': '멜로가 체질 홈페이지'}",1.8%,"멜로, 로맨스, 드라마",JTBC,"매주 금요일, 토요일 밤 10시 50분 ~ 12시 20분"
힙합왕 - 나스나길,https://ko.wikipedia.org/wiki/%ED%9E%99%ED%95%A9%EC%99%95_-_%EB%82%98%EC%8A%A4%EB%82%98%EA%B8%B8,"{'장르': '음악, 청춘, 드라마', '방송 국가': '대한민국', '방송 채널': 'SBS', '방송 기간': '2019년 8월 9일 ~ 2019년 9월 13일', '방송 시간': '매주 금요일 밤 11:10 ~ 12:20', '방송 분량': '70분', '방송 횟수': '6부작', '제작사': '(주)지포틴엔터테인먼트, 실크우드', '제작자': '박문균, 김승조', '연출': '이준형', '각본': '권수민', '출연자': '이호원, 이나은, 신원호, 한현민 외', '자막': '청각 장애인을 위한 자막 방송', 'HD 방송 여부': 'UHD 제작 · 방송', '외부 링크': 'SBS 힙합 왕 - 나스나길 홈페이지'}",1.7%,"음악, 청춘, 드라마",SBS,매주 금요일 밤 11:10 ~ 12:20
우아한 가,https://ko.wikipedia.org/wiki/%EC%9A%B0%EC%95%84%ED%95%9C_%EA%B0%80,"{'장르': '드라마', '방송 국가': '대한민국', '방송 채널': 'MBN, 드라맥스', '방송 기간': '2019년 8월 21일 ~ 2019년 10월 17일', '방송 시간': '매주 수, 목 밤 11시 ~ 12시 20분', '방송 분량': '1시간 20분', '방송 횟수': '16부작', '기획': '드라맥스, MBN', '책임프로듀서': '컴재운, 김봉수', '프로듀서': '이건영, 김미진', '제작사': '삼화네트웍스', '제작자': '안제현, 신상윤', '연출': '한철수, 육정용', '각본': '권민수', '출연자': '임수향, 이장우, 배종옥 외', '음악': '김종천', 'HD 방송 여부': 'HD 제작 · 방송', '외부 링크': '우아한 가 공식 사이트'}",8.5%,드라마,"MBN, 드라맥스","매주 수, 목 밤 11시 ~ 12시 20분"
위대한 쇼,https://ko.wikipedia.org/wiki/%EC%9C%84%EB%8C%80%ED%95%9C_%EC%87%BC,"{'장르': '드라마', '방송 국가': '대한민국', '방송 채널': 'tvN', '방송 기간': '2019년 8월 26일 ~ 2019년 10월 15일', '방송 시간': '매주 월, 화 밤 9시 30분', '방송 횟수': '16부작', '제작사': '화이브라더스코리아, 롯데컬처웍스', '연출': '신용휘, 김정욱', '각본': '설준석', '출연자': '송승헌, 이선빈, 임주환 외', 'HD 방송 여부': 'HD 제작 · 방송', '외부 링크': '위대한 쇼 홈페이지'}",,드라마,tvN,"매주 월, 화 밤 9시 30분"
타인은 지옥이다,https://ko.wikipedia.org/wiki/%ED%83%80%EC%9D%B8%EC%9D%80_%EC%A7%80%EC%98%A5%EC%9D%B4%EB%8B%A4,"{'방송 국가': '대한민국', '방송 채널': 'OCN', '방송 기간': '2019년 8월 31일 ~ 2019년 10월 6일', '방송 시간': '토요일 일요일 밤 10시 30분 ~ 11시 50분', '방송 분량': '60분', '방송 횟수': '10부작', '원작': '김용키의 웹툰《타인은 지옥이다》', '기획': 'OCN', '제작사': '영화사 우상, 스튜디오N', '제작자': '김우상, 권미경', '연출': '이창희', '각본': '정이도', '출연자': '임시완, 이동욱 외', '언어': '한국어', '음성': '2채널 돌비 디지털', 'HD 방송 여부': 'HD 제작 · 방송', '외부 링크': '타인은 지옥이다 홈페이지'}",3.9%,,OCN,토요일 일요일 밤 10시 30분 ~ 11시 50분
생일편지,https://ko.wikipedia.org/wiki/%EC%83%9D%EC%9D%BC%ED%8E%B8%EC%A7%80,"{'장르': '시대극, 전쟁, 드라마', '방송 국가': '대한민국', '방송 채널': 'KBS 2TV', '방송 기간': '2019년 9월 11일 ~ 2019년 9월 12일', '방송 시간': '수요일 밤 10:00 ~ 11:10, 목요일 밤 9:55 ~ 11:10', '방송 분량': '35분', '방송 횟수': '4부작', '책임프로듀서': '함영훈', '제작사': '에이스팩토리', '연출': '김정규', '각본': '배수영', '출연자': '전무송, 정영숙, 송건희, 조수민 외', '음성': '2채널 돌비 디지털(디지털)', '자막': '청각 장애인을 위한 자막 방송', 'HD 방송 여부': 'HD 제작 · 방송', '외부 링크': '생일편지 홈페이지'}",2.8%,"시대극, 전쟁, 드라마",KBS 2TV,"수요일 밤 10:00 ~ 11:10, 목요일 밤 9:55 ~ 11:10"
꽃파당: 조선혼담공작소,https://ko.wikipedia.org/wiki/%EA%BD%83%ED%8C%8C%EB%8B%B9:_%EC%A1%B0%EC%84%A0%ED%98%BC%EB%8B%B4%EA%B3%B5%EC%9E%91%EC%86%8C,"{'장르': '사극', '방송 국가': '대한민국', '방송 채널': 'JTBC', '방송 기간': '2019년 9월 16일 ~ 2019년 11월 5일', '방송 분량': '매주 월, 화 밤 9시 30분 ~ 10시 45분', '방송 횟수': '16부작', '추가 채널': 'JTBC2, 라이프타임', '원작': '김이랑', '기획': 'JTBC', '책임프로듀서': '조준형', '제작사': '블러썸스토리, JP E&M', '제작자': '정성택, 박희설, 주방옥', '연출': '김가람, 임현욱', '조연출': '위진우, 우아름, 이재훈', '극본': '김이랑', '출연자': '김민재, 공승연, 서지훈, 박지훈, 변우석, 고원희, 박호산, 정재성', '자막': '청각 장애인을 위한 자막 방송', 'HD 방송 여부': 'HD 제작 · 방송', '외부 링크': '꽃파당: 조선혼담공작소 홈페이지'}",4.3%,사극,JTBC,
시크릿 부티크,https://ko.wikipedia.org/wiki/%EC%8B%9C%ED%81%AC%EB%A6%BF_%EB%B6%80%ED%8B%B0%ED%81%AC,"{'장르': '멜로, 복수, 미스터리', '방송 국가': '대한민국', '방송 채널': 'SBS', '방송 기간': '2019년 9월 18일 ~ 2019년 11월 28일', '방송 시간': '매주 수, 목 밤 10:00 ~ 11:10', '방송 분량': '70분', '방송 횟수': '16부작', '기획': 'SBS 드라마본부', '제작사': '더스토리웍스', '제작자': '송경화', '연출': '박형기', '각본': '허선희', '출연자': '김선아, 장미희, 박희본, 고민시,김재영, 김태훈 외', 'HD 방송 여부': 'UHD 제작 · 방송', '외부 링크': '시크릿 부티크 홈페이지'}",6.0%,"멜로, 복수, 미스터리",SBS,"매주 수, 목 밤 10:00 ~ 11:10"
동백꽃 필 무렵,https://ko.wikipedia.org/wiki/%EB%8F%99%EB%B0%B1%EA%BD%83_%ED%95%84_%EB%AC%B4%EB%A0%B5,"{'장르': '멜로, 휴머니즘, 스릴러', '방송 국가': '대한민국', '방송 채널': 'KBS 2TV', '방송 기간': '2019년 9월 18일 ~ 2019년 11월 21일', '방송 시간': '매주 수요일, 목요일 밤 10:00 ~ 11:10', '방송 분량': '1시간 10분 (1회당 35분)', '방송 횟수': '40부작 + 스페셜 4부작', '추가 채널': 'KBS 드라마, 채널칭', '기획': '황의경 (KBS 드라마본부)', '책임프로듀서': '이건준, 노상훈 (KBS 드라마운영팀)', '프로듀서': '윤재혁', '제작사': '팬엔터테인먼트', '제작자': '김희열', '연출': '차영훈, 강민경', '각본': '임상춘', '출연자': '공효진, 강하늘, 김지석, 지이수, 손담비 외', '자막': '청각 장애인을 위한 자막 방송', 'HD 방송 여부': 'HD 제작 · 방송', '외부 링크': '동백꽃 필 무렵 홈페이지'}",23.8%,"멜로, 휴머니즘, 스릴러",KBS 2TV,"매주 수요일, 목요일 밤 10:00 ~ 11:10"
달리는 조사관,https://ko.wikipedia.org/wiki/%EB%8B%AC%EB%A6%AC%EB%8A%94_%EC%A1%B0%EC%82%AC%EA%B4%80,"{'장르': '휴먼', '방송 국가': '대한민국', '방송 채널': 'OCN', '방송 기간': '2019년 9월 18일 ~ 2019년 10월 31일', '방송 시간': '매주 수요일, 목요일 밤 11시', '방송 분량': '60분', '방송 횟수': '14부작', '기획': '스튜디오드래곤', '제작사': '데이드림엔터테인먼트', '제작자': '송정우', '연출': '김용수', '각본': '백정철', '출연자': '이요원, 최귀화 외', '언어': '한국어', '음성': '2채널 돌비 디지털', 'HD 방송 여부': 'HD 제작 · 방송', '외부 링크': '달리는 조사관 홈페이지'}",1.3%,휴먼,OCN,"매주 수요일, 목요일 밤 11시"
쌉니다 천리마마트,https://ko.wikipedia.org/wiki/%EC%8C%89%EB%8B%88%EB%8B%A4_%EC%B2%9C%EB%A6%AC%EB%A7%88%EB%A7%88%ED%8A%B8_(%EB%93%9C%EB%9D%BC%EB%A7%88),"{'장르': '드라마', '방송 국가': '대한민국', '방송 채널': 'tvN', '방송 기간': '2019년 9월 20일 ~ 2019년 12월 6일', '방송 시간': '매주 금요일 오후 11시', '방송 횟수': '12부작', '추가 채널': 'O tvN', '원작': '김규삼의 웹툰《쌉니다 천리마마트》', '기획': '이명한', '제작사': '스튜디오N[1], CJ ENM', '연출': '백승룡, 조은솔, 손용락', '각본': '김솔지', '출연자': '김병철, 이동휘 외', 'HD 방송 여부': 'HD 제작 · 방송', '외부 링크': '쌉니다 천리마마트 홈페이지'}",3.4%,드라마,tvN,매주 금요일 오후 11시
배가본드,https://ko.wikipedia.org/wiki/%EB%B0%B0%EA%B0%80%EB%B3%B8%EB%93%9C_(%EB%93%9C%EB%9D%BC%EB%A7%88),"{'장르': '범죄, 첩보, 액션, 재난, 멜로', '방송 국가': '대한민국', '방송 채널': 'SBS, 넷플릭스, WAVVE', '방송 기간': '2019년 9월 20일  ~ 2019년 11월 23일', '방송 시간': '매주 금요일, 토요일 밤 10:00 ~ 11:10', '방송 분량': '1시간 10분 (1회당 3부 분할 방송)', '방송 횟수': '16부작', '추가 채널': 'SBS 플러스, 스카이 드라마, 드라마큐브', '기획': '이영우 \nSBS 드라마본부', '책임프로듀서': '이용석 (SBS 드라마운영팀)', '제작사': '셀트리온 엔터테인먼트', '제작자': '박재삼, 김지우', '연출': '유인식', '각본': '장영철, 정경순', '출연자': '이승기, 배수지, 신성록 외', '음악': '남혜승', '닫는 곡': '아일 - Breaking Dawn\n더 베인 - Open Fire\n하현우 - Vagabond (Prod. By MAKTUB)', '자막': '청각 장애인을 위한 자막 방송', 'HD 방송 여부': 'UHD 제작 · 방송', '외부 링크': '<배가본드> 홈페이지'}",13.0%,"범죄, 첩보, 액션, 재난, 멜로","SBS, 넷플릭스, WAVVE","매주 금요일, 토요일 밤 10:00 ~ 11:10"
청일전자 미쓰리,https://ko.wikipedia.org/wiki/%EC%B2%AD%EC%9D%BC%EC%A0%84%EC%9E%90_%EB%AF%B8%EC%93%B0%EB%A6%AC,"{'장르': '드라마', '방송 국가': '대한민국', '방송 채널': 'tvN', '방송 기간': '2019년 9월 25일 ~ 2019년 11월 14일', '방송 시간': '매주 수요일, 목요일 밤 9시 30분', '방송 횟수': '16부작', '제작사': '스튜디오 드래곤 / 로고스필름', '제작자': '이장수', '연출': '한동화', '각본': '박정화', '출연자': '이혜리, 김상경 외', '자막': '청각 장애인을 위한 자막 방송', 'HD 방송 여부': 'HD 제작 · 방송', '외부 링크': '청일전자 미쓰리 홈페이지'}",3.9%,드라마,tvN,"매주 수요일, 목요일 밤 9시 30분"
사랑은 뷰티풀 인생은 원더풀,https://ko.wikipedia.org/wiki/%EC%82%AC%EB%9E%91%EC%9D%80_%EB%B7%B0%ED%8B%B0%ED%92%80_%EC%9D%B8%EC%83%9D%EC%9D%80_%EC%9B%90%EB%8D%94%ED%92%80,"{'장르': '가족, 로맨틱 코미디, 막장', '방송 국가': '대한민국', '방송 채널': 'KBS 2TV', '방송 기간': '2019년 9월 28일 ~ 2020년 3월 22일', '방송 시간': '매주 주말 저녁 7:55 ~ 밤 9:15', '방송 분량': '1시간 20분 (1회당 40분 / 2회 연속 방송)', '방송 횟수': '100부작 + 스페셜 4부작', '기획': 'KBS 드라마본부', '책임프로듀서': '배경수 (KBS 드라마운영팀)', '프로듀서': '이은진, 최상열', '제작사': 'HB엔터테인먼트', '제작자': '문보미', '연출': '한준서', '조연출': '최정은, 유호준, 박경민', '극본': '배유미, 구지원(63회~100회)', '출연자': '설인아, 김재영, 조윤희, 윤박, 오민석 외', '여는 곡': 'Various Artists - 사랑은 뷰티풀 인생은 원더풀', '닫는 곡': '박정현 - 미아소향 - 길나윤권 - 내가 해줄 수 있는 일도형(비욘드) - 그래서 우리는NIA(니아) - Destiny', '음성': '2채널 돌비 디지털(디지털)', '자막': '청각 장애인을 위한 자막 방송', 'HD 방송 여부': 'HD 제작·방송', '외부 링크': '사랑은 뷰티풀 인생은 원더풀 공식 홈페이지'}",32.3%,"가족, 로맨틱 코미디, 막장",KBS 2TV,매주 주말 저녁 7:55 ~ 밤 9:15
날 녹여주오,https://ko.wikipedia.org/wiki/%EB%82%A0_%EB%85%B9%EC%97%AC%EC%A3%BC%EC%98%A4,"{'장르': '판타지, 드라마', '방송 국가': '대한민국', '방송 채널': 'tvN', '방송 기간': '2019년 9월 28일 ~ 2019년 11월 17일', '방송 시간': '매주 토요일 밤 9시 10분 ~ 10시 23분\n매주 일요일 밤 9시 10분 ~ 10시 21분', '방송 횟수': '16부작', '추가 채널': 'O tvN', '기획': '스튜디오드래곤', '제작사': '스튜디오드래곤, 스토리피닉스㈜', '제작자': '백미경, 최연주', '연출': '신우철, 최지영', '각본': '백미경', '출연자': '지창욱, 원진아 외', '자막': '청각 장애인을 위한 자막 방송', 'HD 방송 여부': 'HD 제작 · 방송', '외부 링크': '날 녹여주오 홈페이지'}",3.2%,"판타지, 드라마",tvN,"매주 토요일 밤 9시 10분 ~ 10시 23분
매주 일요일 밤 9시 10분 ~ 10시 21분"
조선로코-녹두전,https://ko.wikipedia.org/wiki/%EC%A1%B0%EC%84%A0%EB%A1%9C%EC%BD%94-%EB%85%B9%EB%91%90%EC%A0%84,"{'장르': '로맨스, 사극', '방송 국가': '대한민국', '방송 채널': 'KBS 2TV', '방송 기간': '2019년 9월 30일 ~ 2019년 11월 25일', '방송 시간': '매주 월요일, 화요일 밤 10:00 ~ 11:10', '방송 분량': '1시간 10분 (1회당 35분 / 2회 연속방송)', '방송 횟수': '32부작', '추가 채널': 'KBS Drama, 드라마 H, SKY, KBS Story', '원작': '혜진양의 웹툰《녹두전》', '기획': 'KBS 드라마본부', '제작사': '프로덕션H, 몬스터유니온, 조선로코녹두전문화산업전문회사', '제작자': '황창우, 조혜린, 정해룡', '연출': '김동휘, 강수연', '각본': '임예진, 백소연', '출연자': '장동윤, 김소현, 강태오, 정준호,김태우, 윤유선, 이승준 외', '닫는 곡': 'NCT U - Baby only You', '음성': '2채널 돌비 디지털(디지털)', '자막': '청각 장애인을 위한 자막 방송', 'HD 방송 여부': 'HD 제작 · 방송', '외부 링크': '조선로코-녹두전 홈페이지'}",,"로맨스, 사극",KBS 2TV,"매주 월요일, 화요일 밤 10:00 ~ 11:10"
어쩌다 발견한 하루,https://ko.wikipedia.org/wiki/%EC%96%B4%EC%A9%8C%EB%8B%A4_%EB%B0%9C%EA%B2%AC%ED%95%9C_%ED%95%98%EB%A3%A8,"{'장르': '로맨틱 판타지, 로맨스 드라마', '방송 국가': '대한민국', '방송 채널': 'MBC', '방송 기간': '2019년 10월 2일 ~ 2019년 11월 21일', '방송 시간': '매주 수, 목 저녁 8:55 ~ 밤 10:05', '방송 분량': '1시간 10분 (1회당 35분)', '방송 횟수': '32부작', '추가 채널': 'MBC 드라마넷', '원작': '무류의 웹툰《어쩌다 발견한 7월》', '기획': '김대진', '프로듀서': '남궁성우, 문주희', '촬영': '윤권수, 이태오(CGK), 정순동, 이유호', '제작사': 'MBC 드라마본부래몽래인[1]', '제작자': '김동래', '연출': '김상협', '각본': '인지혜, 송하영', '출연자': '김혜윤, 로운, 이재욱, 이나은, 정건주, 김영대, 이태리 외', '여는 곡': '박세준, 우지훈 - Walk The Sky (Title)', '닫는 곡': '베리베리 - My Beauty\nSondia - 첫사랑\nSondia - 한 번도 하지 못한 이야기\n스트레이 키즈 - 끝나지 않을 이야기', '외부 링크': '어쩌다 발견한 하루 홈페이지'}",4.1%,"로맨틱 판타지, 로맨스 드라마",MBC,"매주 수, 목 저녁 8:55 ~ 밤 10:05"
나의 나라,https://ko.wikipedia.org/wiki/%EB%82%98%EC%9D%98_%EB%82%98%EB%9D%BC,"{'장르': '사극', '방송 국가': '대한민국', '방송 채널': 'JTBC', '방송 기간': '2019년 10월 4일 ~ 2019년 11월 23일', '방송 시간': '매주 금요일, 토요일 밤 10시 50분 ~ 12시 20분', '방송 분량': '70분', '방송 횟수': '16부작 + 스페셜 1부작', '추가 채널': 'JTBC2, 드라마H', '기획': 'JTBC', '책임프로듀서': '오환민', '프로듀서': '김우현, 박우람', '촬영': '장병욱', '제작사': '셀트리온엔터테인먼트, 나의 나라 문화전문유한회사', '제작자': '박재삼, 김지우', '연출': '김진원', '조연출': '양승현, 이서재준, 오세규', '극본': '채승대', '출연자': '양세종, 우도환, 김설현, 장혁, 김영철, 안내상 외', '자막': '청각 장애인을 위한 자막 방송', 'HD 방송 여부': 'HD 제작 · 방송', '외부 링크': '나의 나라 홈페이지'}",5.0%,사극,JTBC,"매주 금요일, 토요일 밤 10시 50분 ~ 12시 20분"
모두의 거짓말,https://ko.wikipedia.org/wiki/%EB%AA%A8%EB%91%90%EC%9D%98_%EA%B1%B0%EC%A7%93%EB%A7%90,"{'방송 국가': '대한민국', '방송 채널': 'OCN', '방송 기간': '2019년 10월 12일 ~ 2019년 12월 1일', '방송 시간': '토요일, 일요일 밤 10시 30분 ~ 11시 50분', '방송 분량': '60분', '방송 횟수': '16부작', '원작': '주원규의 장편소설《반인간선언》', '기획': '스튜디오드래곤', '제작사': '스튜디오드래곤', '연출': '이윤정', '각본': '전영신, 원유정', '출연자': '이민기, 이유영 외', '언어': '한국어', '음성': '2채널 돌비 디지털', 'HD 방송 여부': 'HD 제작 · 방송', '외부 링크': '모두의 거짓말 홈페이지'}",2.2%,,OCN,"토요일, 일요일 밤 10시 30분 ~ 11시 50분"
레버리지: 사기조작단,https://ko.wikipedia.org/wiki/%EB%A0%88%EB%B2%84%EB%A6%AC%EC%A7%80:_%EC%82%AC%EA%B8%B0%EC%A1%B0%EC%9E%91%EB%8B%A8,"{'장르': '범죄, 스릴러', '방송 국가': '대한민국', '방송 채널': 'TV CHOSUN', '방송 기간': '2019년 10월 13일 ~ 2019년 12월 8일', '방송 시간': '매주 일요일 오후 10시 (2회 연속방송)', '방송 분량': '120분', '방송 횟수': '16부작', '원작': '미국드라마《레버리지》', '기획': 'TV CHOSUN, 소니 픽처스 텔레비전', '제작사': '프로덕션 H, 하이그라운드', '연출': '남기훈, 서강석', '각본': '민지형', '출연자': '이동건, 전혜빈, 김새론', '자막': '청각 장애인을 위한 자막 방송', 'HD 방송 여부': 'HD 제작 · 방송', '외부 링크': '레버리지: 사기조작단 홈페이지'}",2.3%,"범죄, 스릴러",TV CHOSUN,매주 일요일 오후 10시 (2회 연속방송)
유령을 잡아라,https://ko.wikipedia.org/wiki/%EC%9C%A0%EB%A0%B9%EC%9D%84_%EC%9E%A1%EC%95%84%EB%9D%BC,"{'장르': '드라마', '방송 국가': '대한민국', '방송 채널': 'tvN', '방송 기간': '2019년 10월 21일 ~ 2019년 12월 10일', '방송 시간': '매주 월, 화 밤 9시 30분', '방송 횟수': '16부작', '기획': '스튜디오드래곤', '제작사': '로고스 필름 (주)', '제작자': '이장수', '연출': '신윤섭', '각본': '소원, 이영주', '출연자': '문근영, 김선호 외', '자막': '청각 장애인을 위한 자막 방송', 'HD 방송 여부': 'HD 제작 · 방송', '외부 링크': '유령을 잡아라 홈페이지'}",4.1%,드라마,tvN,"매주 월, 화 밤 9시 30분"
꽃길만 걸어요,https://ko.wikipedia.org/wiki/%EA%BD%83%EA%B8%B8%EB%A7%8C_%EA%B1%B8%EC%96%B4%EC%9A%94,"{'장르': '드라마', '방송 국가': '대한민국', '방송 채널': 'KBS 1TV (본방송)KBS 2TV (재방송)', '방송 기간': '2019년 10월 28일 ~ 2020년 4월 17일', '방송 시간': '매주 평일 저녁 8:30 ~ 9:00', '방송 분량': '30분', '방송 횟수': '123부작', '책임프로듀서': '전우성 (KBS 드라마운영팀)', '제작사': 'KBS 드라마본부', '연출': '박기현', '조연출': '박단비, 서용수', '각본': '채혜영, 나승현, 유상영 (2회~11회), 백은정 (50회~123회)', '출연자': '최윤소, 설정환, 심지호, 정유민 외', '여는 곡': '제이세라 - 다 잘될거야', '닫는 곡': '코다브릿지 - 세상에 뿌려진 사랑만큼더 데이지(The Daisy) - 사랑해요 그대캔도 - 사랑인건가요이장우 - 하루를 일년처럼 살아권인하 - 남은 것은 당신 뿐미네 - 사랑하게 되면코드(KOHD) - 행복해야해요송푸름 - 사랑하고 미안하고 고마워요장희영 - 정말 보고싶다송민경 - 가르쳐줘요제이세라 - 다 잘될거야', '음성': '1,2채널 돌비 디지털(디지털)', '자막': '청각 장애인을 위한 자막 방송', '외부 링크': '꽃길만 걸어요 홈페이지'}",23.9%,드라마,KBS 1TV (본방송)KBS 2TV (재방송),매주 평일 저녁 8:30 ~ 9:00
VIP,https://ko.wikipedia.org/wiki/VIP_(%EB%93%9C%EB%9D%BC%EB%A7%88),"{'장르': '프라이빗 오피스 멜로', '방송 국가': '대한민국', '방송 채널': 'SBS', '방송 기간': '2019년 10월 28일 ~ 2019년 12월 24일', '방송 시간': '매주 월, 화 밤 10:00 ~ 11:10', '방송 분량': '70분 (1부 40분, 2부 30분 분할 방영)', '방송 횟수': '16부작', '추가 채널': 'SBS 플러스, 드라맥스, Sky Drama', '기획': '이용석', '프로듀서': '이옥규', '제작사': '더스토리웍스', '제작자': '송경화', '연출': '이정림', '각본': '차해원', '출연자': '장나라, 이상윤, 이청아 외', 'HD 방송 여부': 'HD 제작 · 방송', '외부 링크': 'VIP 공식 홈페이지'}",15.9%,프라이빗 오피스 멜로,SBS,"매주 월, 화 밤 10:00 ~ 11:10"
두 번은 없다,https://ko.wikipedia.org/wiki/%EB%91%90_%EB%B2%88%EC%9D%80_%EC%97%86%EB%8B%A4,"{'장르': '복수, 가족, 코미디', '방송 국가': '대한민국', '방송 채널': 'MBC', '방송 기간': '2019년 11월 2일 ~ 2020년 3월 7일', '방송 시간': '매주 토요일 밤 9:05 ~ 11:05', '방송 분량': '120분 (1회당 30분 / 4회 연속방송)', '방송 횟수': '72부작', '기획': 'MBC 드라마본부', '프로듀서': '전수정', '편집': '송미경, 호진아', '제작사': '팬엔터테인먼트', '제작자': '전산, 김희열', '연출': '최원석, 박상우', '조연출': '정훈, 박유신, 박충권', '각본': '구현숙', '출연자': '윤여정, 박세완, 곽동연, 오지호, 예지원 외', '음악': '전준모, 김지애, 김현주, 박형준, 양성호, 이소연, 이윤정, 조란, 전세진, 전재승, 최혜윤, 판은영 (팬뮤직)', '여는 곡': 'Various Artists - Title of 두 번은 없다', '닫는 곡': '임희빈 - 소중한 사람', '자막': '청각 장애인을 위한 자막 방송', 'HD 방송 여부': 'HD 제작 · 방송', '외부 링크': '두 번은 없다 홈페이지'}",13.2%,"복수, 가족, 코미디",MBC,매주 토요일 밤 9:05 ~ 11:05
우아한 모녀,https://ko.wikipedia.org/wiki/%EC%9A%B0%EC%95%84%ED%95%9C_%EB%AA%A8%EB%85%80,"{'장르': '미스터리, 멜로', '방송 국가': '대한민국', '방송 채널': 'KBS 2TV', '방송 기간': '2019년 11월 4일 ~ 2020년 3월 27일', '방송 시간': '매주 평일 저녁 7:50 ~ 8:30 (본방송)매주 목요일 낮 12:10 ~ 오후 1:50 (재방송)', '방송 분량': '40분', '방송 횟수': '103부작', '추가 채널': 'KBS 드라마, KBS W, KBS 월드', '기획': 'KBS 드라마본부', '책임프로듀서': '문준하 (KBS 드라마운영팀)', '프로듀서': '이대경', '제작사': '아이윌미디어', '제작자': '김종식, 김남희', '연출': '어수선', '조연출': '이정, 김연주', '각본': '오상희', '출연자': '최명길, 차예련, 김흥수, 오채이 외', '닫는 곡': '황가람 - 나를 위해 울지마', '음성': '2채널 돌비 디지털(디지털)', '자막': '청각 장애인을 위한 자막 방송', '외부 링크': '우아한 모녀 홈페이지'}",18.8%,"미스터리, 멜로",KBS 2TV,매주 평일 저녁 7:50 ~ 8:30 (본방송)매주 목요일 낮 12:10 ~ 오후 1:50 (재방송)
보좌관 2,https://ko.wikipedia.org/wiki/%EB%B3%B4%EC%A2%8C%EA%B4%80_-_%EC%84%B8%EC%83%81%EC%9D%84_%EC%9B%80%EC%A7%81%EC%9D%B4%EB%8A%94_%EC%82%AC%EB%9E%8C%EB%93%A4_%EC%8B%9C%EC%A6%8C2,"{'장르': '드라마', '방송 국가': '대한민국', '방송 채널': 'JTBC', '방송 기간': '2019년 11월 11일 ~ 2019년 12월 10일', '방송 시간': '매주 월, 화 밤 9시 30분 ~ 11시', '방송 분량': '65분', '방송 횟수': '10부작', '기획': 'JTBC', '책임프로듀서': '함영훈', '제작사': '스튜디오앤뉴', '제작자': '김우택, 장경익', '연출': '곽정환', '각본': '이대일', '출연자': '이정재, 신민아, 이엘리야, 김동준,김갑수, 정웅인, 정만식, 박효주, 조복래 외', '자막': '청각 장애인을 위한 자막 방송', 'HD 방송 여부': 'HD 제작 · 방송', '전편': '보좌관 - 세상을 움직이는 사람들', '외부 링크': '보좌관 세상을 움직이는 사람들 시즌2 홈페이지'}",5.3%,드라마,JTBC,"매주 월, 화 밤 9시 30분 ~ 11시"
맛 좀 보실래요,https://ko.wikipedia.org/wiki/%EB%A7%9B_%EC%A2%80_%EB%B3%B4%EC%8B%A4%EB%9E%98%EC%9A%94,"{'장르': '드라마', '방송 국가': '대한민국', '방송 채널': 'SBS', '방송 기간': '2019년 11월 12일 ~ 2020년 5월 1일', '방송 시간': '매주 평일 아침 8:35 ~ 9:10', '방송 분량': '35분', '방송 횟수': '124부작', '추가 채널': 'SBS 플러스', '기획': '이용석', '프로듀서': '양성은', '편집': '방수연', '제작사': '셀트리온 엔터테인먼트', '연출': '윤류해', '조연출': '김동준, 배하늘', '극본': '김도현', '출연자': '심이영, 서도영, 서하준, 한가림, 이슬아, 최우석 외', '여는 곡': 'Various Artists - 메인 타이틀', '닫는 곡': '김찬혁\xa0- 너밖에 안\xa0보여', '음성': '2채널 돌비 디지털(디지털)', '자막': '청각 장애인을 위한 자막 방송', 'HD 방송 여부': 'UHD 제작 · 방송', '외부 링크': '맛 좀 보실래요? 홈페이지'}",9.7%,드라마,SBS,매주 평일 아침 8:35 ~ 9:10
싸이코패스 다이어리,https://ko.wikipedia.org/wiki/%EC%8B%B8%EC%9D%B4%EC%BD%94%ED%8C%A8%EC%8A%A4_%EB%8B%A4%EC%9D%B4%EC%96%B4%EB%A6%AC,"{'장르': '스릴러, 범죄', '방송 국가': '대한민국', '방송 채널': 'tvN', '방송 기간': '2019년 11월 20일 ~ 2020년 1월 9일', '방송 시간': '매주 수요일, 목요일 밤 9시 30분 ~ 10시 50분', '방송 분량': '70분', '방송 횟수': '16부작', '추가 채널': 'O tvn', '기획': '스튜디오드래곤', '제작사': '스튜디오드래곤, 키이스트', '연출': '이종재, 최영수', '각본': '류용재, 김환채, 최성준', '출연자': '윤시윤, 정인선, 박성훈 외', '닫는 곡': '김우성 - Wanna be Bad', '자막': '청각 장애인을 위한 자막 방송', 'HD 방송 여부': 'HD 제작 · 방송'}",3.0%,"스릴러, 범죄",tvN,"매주 수요일, 목요일 밤 9시 30분 ~ 10시 50분"
하자있는 인간들,https://ko.wikipedia.org/wiki/%ED%95%98%EC%9E%90%EC%9E%88%EB%8A%94_%EC%9D%B8%EA%B0%84%EB%93%A4,"{'장르': '로맨틱 코미디', '방송 국가': '대한민국', '방송 채널': 'MBC', '방송 기간': '2019년 11월 27일 ~ 2020년 1월 16일', '방송 시간': '매주 수, 목 저녁 8시 55분 ~ 밤 10시 5분', '방송 분량': '1시간 10분', '방송 횟수': '32부작', '기획': '손형석', '제작사': '에이스토리', '연출': '오진석', '극본': '안신유', '출연자': '오연서, 안재현, 전태열, 김슬기, 구원, 허정민 외'}",4.0%,로맨틱 코미디,MBC,"매주 수, 목 저녁 8시 55분 ~ 밤 10시 5분"
초콜릿,https://ko.wikipedia.org/wiki/%EC%B4%88%EC%BD%9C%EB%A6%BF_(%EB%93%9C%EB%9D%BC%EB%A7%88),"{'장르': '드라마', '방송 국가': '대한민국', '방송 채널': 'JTBC', '방송 기간': '2019년 11월 29일 ~ 2020년 1월 18일', '방송 시간': '매주 금요일, 토요일 밤 10시 50분', '방송 분량': '70분', '방송 횟수': '16부작', '추가 채널': '드라마 H, JTBC2', '기획': 'JTBC', '제작사': 'JYP픽처스', '제작자': '표종록', '연출': '이형민', '극본': '이경희', '음성': '2채널 돌비 디지털 (디지털)', '자막': '청각 장애인을 위한 자막 방송', 'HD 방송 여부': 'HD 제작 · 방송', '외부 링크': '초콜릿 홈페이지'}",4.6%,드라마,JTBC,"매주 금요일, 토요일 밤 10시 50분"
나쁜 사랑,https://ko.wikipedia.org/wiki/%EB%82%98%EC%81%9C_%EC%82%AC%EB%9E%91_(%EB%93%9C%EB%9D%BC%EB%A7%88),"{'장르': '드라마', '방송 국가': '대한민국', '방송 채널': 'MBC', '방송 기간': '2019년 12월 2일 ~ 2020년 5월 29일', '방송 시간': '매주 평일 아침 7:50 ~ 8:30', '방송 분량': '40분', '방송 횟수': '129부작', '기획': '장재훈', '편집': '박선영', '제작사': 'MBC C&I', '제작자': '백호민', '연출': '김미숙', '조연출': '강윤희', '극본': '홍승희', '출연자': '신고은, 이선호, 오승아, 윤종화, 전승빈 외', '닫는 곡': '프린 - 함께라면', '음성': '2채널 돌비 디지털(디지털)', '자막': '청각 장애인을 위한 자막 방송', 'HD 방송 여부': 'HD 제작 · 방송', '외부 링크': '나쁜 사랑 홈페이지'}",6.9%,드라마,MBC,매주 평일 아침 7:50 ~ 8:30
99억의 여자,https://ko.wikipedia.org/wiki/99%EC%96%B5%EC%9D%98_%EC%97%AC%EC%9E%90,"{'장르': '스릴러, 서스펜스', '방송 채널': 'KBS 2TV', '방송 기간': '2019년 12월 4일 ~ 2020년 1월 23일', '방송 시간': '매주 수요일, 목요일 밤 10시 ~ 11시 10분', '방송 분량': '70분 (1회당 35분 / 2회 연속방송)', '방송 횟수': '32부작', '추가 채널': 'KBS 드라마, 드라맥스', '기획': 'KBS 드라마본부', '제작사': '빅토리콘텐츠', '제작자': '조윤정', '연출': '김영조', '각본': '한지훈', '출연자': '조여정, 김강우, 정웅인, 오나라, 이지훈 외', '음악': '이창희', '자막': '청각 장애인을 위한 자막 방송', '외부 링크': '99억의 여자 홈페이지'}",11.6%,"스릴러, 서스펜스",KBS 2TV,"매주 수요일, 목요일 밤 10시 ~ 11시 10분"
스토브리그,https://ko.wikipedia.org/wiki/%EC%8A%A4%ED%86%A0%EB%B8%8C%EB%A6%AC%EA%B7%B8_(%EB%93%9C%EB%9D%BC%EB%A7%88),"{'장르': '스포츠 드라마', '방송 채널': 'SBS', '방송 기간': '2019년 12월 13일  ~ 2020년 2월 14일', '방송 시간': '매주 금, 토 밤 10:00 ~ 11:10', '방송 분량': '70분', '방송 횟수': '16부작', '추가 채널': 'SBS 플러스, 스카이 드라마, 드라마큐브', '기획': 'SBS 드라마본부', '책임프로듀서': '홍성창 (SBS 드라마운영팀)', '프로듀서': '조은정', '제작사': '길픽쳐스', '제작자': '박민엽', '연출': '정동윤, 한태섭', '각본': '이신화', '출연자': '남궁민, 박은빈, 오정세, 조병규, 조한선, 하도권', '여는 곡': '큐사인 - 이원석', '자막': '청각 장애인을 위한 자막 방송', 'HD 방송 여부': 'UHD 제작 · 방송', '외부 링크': '스토브리그 홈페이지'}",19.1%,스포츠 드라마,SBS,"매주 금, 토 밤 10:00 ~ 11:10"
사랑의 불시착,https://ko.wikipedia.org/wiki/%EC%82%AC%EB%9E%91%EC%9D%98_%EB%B6%88%EC%8B%9C%EC%B0%A9,"{'장르': '로맨틱 드라마[1]로맨틱 코미디[2]', '방송 기간': '2019년 12월 14일 ~ 2020년 2월 16일', '방송 시간': '매주 토요일, 일요일 밤 9:10 ~ 11:00', '기획': '스튜디오 드래곤', '편집': '이현미', '촬영': '박성용, 최병훈, 정재은, 정재아, 김동혁', '제작사': '문화창고, 스튜디오 드래곤', '연출': '이정효, 김희원, 김나영', '각본': '박지은', '음악': '남혜승', '자막': '청각 장애인을 위한 자막 방송', 'HD 방송 여부': 'HD 제작 · 방송', '외부 링크': '사랑의 불시착 홈페이지'}",21.7%,로맨틱 드라마[1]로맨틱 코미디[2],,"매주 토요일, 일요일 밤 9:10 ~ 11:00"
간택 - 여인들의 전쟁,https://ko.wikipedia.org/wiki/%EA%B0%84%ED%83%9D_-_%EC%97%AC%EC%9D%B8%EB%93%A4%EC%9D%98_%EC%A0%84%EC%9F%81,"{'장르': '로맨스, 사극', '방송 국가': '대한민국', '방송 채널': 'TV조선', '방송 기간': '2019년 12월 14일 ~ 2020년 2월 9일', '방송 시간': '매주 토요일, 일요일 밤 11시 ~ 밤 12시', '방송 분량': '60분', '방송 횟수': '16부작', '추가 채널': 'TV CHOSUN2, 드라마 H, FOXlife', '기획': '정회석', '프로듀서': '정형서', '제작사': '하이그라운드, 코탑미디어', '제작자': '홍승철, 고대화', '연출': '김정민', '각본': '최수미', '출연자': '진세연, 김민규, 도상우, 이열음, 이시언 외', '자막': '청각 장애인을 위한 자막 방송', 'HD 방송 여부': 'HD 제작 · 방송', '외부 링크': '간택 - 여인들의 전쟁 홈페이지'}",6.3%,"로맨스, 사극",TV조선,"매주 토요일, 일요일 밤 11시 ~ 밤 12시"
블랙독,https://ko.wikipedia.org/wiki/%EB%B8%94%EB%9E%99%EB%8F%85_(%EB%93%9C%EB%9D%BC%EB%A7%88),"{'장르': '드라마', '방송 국가': '대한민국', '방송 채널': 'tvN', '방송 기간': '2019년 12월 16일 ~ 2020년 2월 4일', '방송 시간': '매주 월, 화 밤 9시 30분', '방송 횟수': '16부작', '기획': '스튜디오드래곤', '제작사': '얼반웍스', '연출': '황준혁', '각본': '박주연', '출연자': '서현진, 라미란, 하준 이창훈외', '자막': '청각 장애인을 위한 자막 방송', 'HD 방송 여부': 'HD 제작 · 방송', '외부 링크': '블랙독 홈페이지'}",5.5%,드라마,tvN,"매주 월, 화 밤 9시 30분"
검사내전,https://ko.wikipedia.org/wiki/%EA%B2%80%EC%82%AC%EB%82%B4%EC%A0%84,"{'방송 국가': '대한민국', '방송 채널': 'JTBC', '방송 기간': '2019년 12월 16일 ~ 2020년 2월 11일', '방송 시간': '매주 월요일, 화요일 밤 9시 30분', '방송 분량': '70분', '방송 횟수': '16부작', '원작': '김웅의 에세이《검사내전》', '기획': 'JTBC', '제작사': '(주)에스피스', '제작자': '오남석', '연출': '이태곤', '극본': '박연선(크리에이터), 이현, 서자연', '출연자': '이선균, 정려원, 이성재, 이상희 외', '자막': '청각 장애인을 위한 자막 방송', 'HD 방송 여부': 'HD 제작 · 방송', '외부 링크': '검사내전 홈페이지'}",5.0%,,JTBC,"매주 월요일, 화요일 밤 9시 30분"
루왁인간,https://ko.wikipedia.org/wiki/%EB%A3%A8%EC%99%81%EC%9D%B8%EA%B0%84,"{'장르': '드라마', '방송 국가': '대한민국', '방송 채널': 'JTBC', '방송 기간': '2019년 12월 30일', '방송 횟수': '2부작', '원작': '강한빛의 단편 소설《루왁인간》', '제작자': '드라마하우스', '연출': '라하나', '각본': '이보람', '출연자': '안내상, 김미수, 장혜진, 최덕문, 윤경호 외', '음성': '디지털', '자막': '청각 장애인을 위한 자막 방송', 'HD 방송 여부': 'HD 제작 · 방송', '외부 링크': '루왁인간 홈페이지'}",1.8%,드라마,JTBC,
